Sentence_id,text,label
9614,I'm going to continue to push on this issue for the next four years.,0
27782,"We have enormous trade imbalance with China, and it's worse this year than last year, and it's worse last year than the year before.",1
27325,"First of all, I'm going through from the very beginning -- we're going to cut about 5 percent of the discretionary budget, excluding military.",0
27310,They're still number one today.,1
1812,So there's no economist that can say Mitt Romney's tax plan adds $5 trillion if I say I will not add to the deficit with my tax plan.,0
27172,And that begins with a strong economy here at home.,0
27405,"Well, Governor, we also have fewer horses and bayonets, because the nature of our military's changed.",0
1906,"I think first of all, let me -- let me repeat -- let me repeat what I said.",0
10185,We're starting to see gains in math and science.,1
1733,But I'm not going to reduce the share of taxes paid by high-income people.,0
1936,Number two is to cut spending.,0
2019,"As a matter of fact, it's growing much more slowly now than when you made that statement.",1
27181,But the idea of a trillion dollar in cuts through sequestration and budget cuts to the military would change that.,1
9170,"And what I want to do, is build on the five million jobs that we've created over the last 30 months in the private sector alone.",1
27186,"And if we're strong in each of those things, American influence will grow.",0
2391,"And so as a consequence, they're paying their premiums, somebody gets really sick, lo and behold, they don't have enough money to pay the bills, because the insurance companies say that they've hit the limit.",0
27170,But it's an honor that we have it.,0
27725,I know Americans had seen jobs being shipped overseas; businesses and workers not getting a level playing field when it came to trade.,1
1830,"And the reason is because small business pays that individual rate; 54 percent of America's workers work in businesses that are taxed not at the corporate tax rate, but at the individual tax rate.",1
9569,"If the president were reelected, we'd go to almost $20 trillion of national debt.",1
9454,No tax on your savings.,0
27200,We recognize that there are places of conflict in the world.,0
1882,"The National Federation of Independent Businesses has said that will cost 700,000 jobs.",1
10138,"What I believe is we have to do, as the president mentioned towards the end of his remarks there, which is to make enormous efforts to enforce the gun laws that we have, and to change the culture of violence that we have.",0
2590,And the proof of that is 23 million people out of work.,1
9536,Governor Romney then also wants to spend $2 trillion on additional military programs even though the military's not asking for them.,1
9886,"Good, I look forward to it.",0
27507,"And I say that because from the very beginning, the president in his campaign four years ago, said he would meet with all the world's worst actors in his first year, he'd sit down with Chavez and Kim Jong-il, with Castro and President Ahmadinejad of Iran.",1
2752,If I'm elected we won't have Obama.,0
9287,"When the president ran for office, he said if you build a coal plant, you can go ahead, but you'll go bankrupt.",1
9771,"You know when members of the Republican Congress say, ""We're going to sign a no tax pledge, so that we don't ask a dime for millionaires and billionaires to reduce our deficit so we can still invest in education, and helping kids go to college.",0
27122,"But look, this has been going on for a year.",1
9756,"I said that I'd end the war in Iraq, and I did.",1
27465,I'd make sure that Ahmadinejad is indicted under the Genocide Convention.,1
9151,I know what it takes to create good jobs again.,0
27090,"And what I'm afraid of is we've watched over the past year or so, first the president saying, well we'll let the U.N. deal with it.",0
9898,"What I've also said is if we're going to go after folks who are here illegally, we should do it smartly and go after folks who are criminals, gang bangers, people who are hurting the community, not after students, not after folks who are here just because they're trying to figure out how to feed their families.",0
9544,"He's already taken that off the board, capital gains are going to continue to be at a low rate so we -- we're not going to get money that way.",1
10032,"I said I'd end the war in Libya -- in -- in Iraq, and I did.",1
1921,"It's just -- it's -- we've got -- when the president took office, 32 million people on food stamps; 47 million on food stamps today; economic growth this year slower than last year, and last year slower than the year before.",1
27913,"Having a tax code that rewards companies that are shipping jobs overseas instead of companies that are investing here in the United States, that will not make us more competitive.",0
27896,...they would have gone through a...,0
1888,"If you believe that we can cut taxes by $5 trillion and add $2 trillion in additional spending that the military is not asking for, $7 trillion -- just to give you a sense, over 10 years, that's more than our entire defense budget -- and you think that by closing loopholes and deductions for the well-to-do, somehow you will not end up picking up the tab, then Governor Romney's plan may work for you.",1
2025,"That's why the National Federation of Independent Businesses said your plan will kill 700,000 jobs.",1
9884,Why did he fail to even promote legislation that would have provided an answer for those that want to come legally and for those that are here illegally today?,1
2645,"And I -- look, I'm all in favor of green energy.",0
2180,And the essence of the plan is that you would turn Medicare into a voucher program.,1
10159,But it's one of the great tragedies related to violence in our society which has occurred during this administration.,0
27437,Iran is a state sponsor of terrorism.,1
10031,"But when it comes to our national security, I mean what I say.",0
27672,But we have some work to do.,0
2520,"You've said the same thing, you're going to simplify the tax code, broaden the base.",1
26993,"Number two, with regards to Iraq, you and I agreed I believe that there should be a status of forces agreement.",0
9969,"Well, let me give you some advice.",0
2640,I don't have any plan to cut education funding and -- and grants that go to people going to college.,0
1814,"I know that you and your running mate keep saying that and I know it's a popular thing to say with a lot of people, but it's just not the case.",0
9647,And that's not the kind of advocacy that women need in any economy.,0
27341,"As a governor, I thought please, give me this program.",0
27973,America's going to have that kind of leadership and continue to promote principles of peace to make a world a safer place and make people in this country more confident that their future is secure.,0
9513,We can do better than this.,0
2228,"And, by the way the idea came not even from Paul Ryan or -- or Senator Wyden, who's the co-author of the bill with -- with Paul Ryan in the Senate, but also it came from Bill -- Bill Clinton's chief of staff.",1
9539,That's another trillion dollars -- that's $8 trillion.,1
10060,"Syria -- Syria's not just a tragedy of 30,000 civilians being killed by a military, but also a strategic -- strategically significant player for America.",1
2292,And it includes within it a number of provisions that I think has some unintended consequences that are harmful to the economy.,1
2743,There's no question in my mind that if the president were to be reelected you'll continue to see a middle-class squeeze with incomes going down and prices going up.,0
27427,"And this is the reason why, working with Israel, we have created the strongest military and intelligence cooperation between our two countries in history.",1
9816,That's after losing 5 million jobs.,1
27253,It doubles about every -- every five or so years.,1
10259,"I know what it takes to get this to happen, and my plan will do that, and one part of it is to make sure that we keep China playing by the rules.",0
9708,Our party has been focused too long.,0
10034,"I said we'd transition out of Afghanistan, and start making sure that Afghans are responsible for their own security, that's what I'm doing.",1
27991,This nation is the hope of the earth.,0
9900,"And what I've also said is for young people who come here, brought here often times by their parents.",0
27277,"You know, under my leadership, what we've done is reformed education, working with governors, 46 states.",1
9738,George Bush embraced comprehensive immigration reform.,1
27361,The math simply doesn't work.,1
2418,"So entirely on a partisan basis, instead of bringing America together and having a discussion on this important topic, you pushed through something that you and Nancy Pelosi and Harry Reid thought was the best answer and drove it through.",1
2650,"Look, the right course for America's government, we were talking about the role of government, is not to become the economic player, picking winners and losers, telling people what kind of health treatment they can receive, taking over the health care system that has existed in this country for a long, long time and has produced the best health records in the world.",1
2140,And the reason she could be independent was because of Social Security and Medicare.,0
2748,"If the president's reelected, Obamacare will be fully installed.",0
9249,"That means that in the middle of the next decade, any car you buy, you're going to end up going twice as far on a gallon of gas.",1
27393,Now we're changing to one conflict.,1
27387,We're now at under 285.,1
1845,And what I want to do is continue the tax rates -- the tax cuts that we put into place for small businesses and families.,0
2369,So it's adding to cost.,1
1661,The financial system had frozen up.,1
26997,"What I would not have had done was left 10,000 troops in Iraq that would tie us down.",1
27801,"And if we're not making investments in education and basic research, which is not something that the private sector is doing at a sufficient pace right now and has never done, then we will lose the (inaudible) in things like clean energy technology.",1
2225,"We have to have the benefits high for those that are low income, but for higher income people, we're going to have to lower some of the benefits.",0
9178,"And the fact that you're going to college is great, but I want everybody to get a great education and we've worked hard to make sure that student loans are available for folks like you, but I also want to make sure that community colleges are offering slots for workers to get retrained for the jobs that are out there right now and the jobs of the future.",1
1710,"Well, let me talk specifically about what I think we need to do.",0
9815,"He keeps saying, ""Look, I've created 5 million jobs.""",1
9477,And we've cut them 18 times.,1
9486,That's part of what took us from deficits to surplus.,1
27592,"In the same way that you initially opposed a timetable in Afghanistan, now you're for it, although it depends.",1
9224,"You can invest in a company, bankrupt it, lay off the workers, strip away their pensions, and you still make money.",0
27121,"We -- we have, with our partners in the region, we have sufficient resources to support those groups.",1
2408,"And as a consequence, we now have a system in which we have the opportunity to start bringing down costs, as opposed to just leaving millions of people out in the cold.",0
27069,"First of all, 30,000 people being killed by their government is a humanitarian disaster.",1
27535,"Iran is at its weakest point, economically, strategically, militarily, then since -- then in many years.",1
2546,The first role of the federal government is to keep the American people safe.,0
9153,"And kids across this country are going to recognize, we're bringing back an economy.",0
2289,"And what's happened with some of the legislation that's been passed during the president's term, you've seen regulation become excessive, and it's hurt -- it's hurt the economy.",1
2164,That's not just going after places where there's abuse.,0
26969,You said that we should still have troops in Iraq to this day.,1
27228,"Making sure that we're bringing manufacturing back to our shores so that we're creating jobs here, as we've done with the auto industry, not rewarding companies that are shipping jobs overseas.",1
2147,$716 billion we were able to save from the Medicare program by no longer overpaying insurance companies by making sure that we weren't overpaying providers.,1
26977,"Well, of course I don't concur with what the president said about my own record and the things that I've said.",0
1809,I'm not looking for a $5 trillion tax cut.,0
9761,We saved an auto industry that was on the brink of collapse.,1
2612,"You know, this is where budgets matter, because budgets reflect choices.",1
26916,"Of course the greatest threat of all is Iran, four years closer to a nuclear weapon.",0
2699,"That's how we repealed ""don't ask/don't tell.""",0
1797,That's the analysis of economists who have looked at this.,1
10123,But there were a lot of families who didn't have that good fortune and whose sons or daughters or husbands didn't survive.,0
27337,So I'd get rid of that one from day one.,0
9714,"And the thing I find the most troubling about Obama Care, well it's a long list, but one of the things I find most troubling is that when you go out and talk to small businesses and ask them what they think about it, they tell you it keeps them from hiring more people.",0
27324,"Well, let's come back and talk about the military, but all the way -- all the way through.",0
9273,Well a lot of it came from the Bakken Range in North Dakota.,1
26989,I have clear eyes on this.,0
9905,And that's what I've done administratively.,0
9824,"It's growing more slowly this year than last year, and more slowly last year than the year before.",1
9988,And it's a bad policy.,0
9290,"And if we do that, if we do what I'm planning on doing, which is getting us energy independent, North America energy independence within eight years, you're going to see manufacturing jobs come back.",0
9135,So what we have to do is two things.,0
10254,"I want to make sure that regulators see their job as encouraging small business, not crushing it.",0
27870,"And that we do those things that make America the most attractive place in the world for entrepreneurs, innovators, businesses to grow.",0
2068,"It means that the teacher that I met in Las Vegas, a wonderful young lady, who describes to me -- she's got 42 kids in her class.",0
1872,"Well, President, you're -- Mr. President, you're absolutely right, which is that, with regards to 97 percent of the businesses are not -- not taxed at the 35 percent tax rate, they're taxed at a lower rate.",1
27455,"It's absolutely the right thing to do, to have crippling sanctions.",0
1894,We created 23 million new jobs.,1
27982,The president's path means 20 million people out of work struggling for a good job.,1
9737,George Bush didn't propose turning Medicare into a voucher.,1
26970,"You indicated that we shouldn't be passing nuclear treaties with Russia despite the fact that 71 senators, Democrats and Republicans, voted for it.",1
27370,Because we've got to make sure that our economy is strong at home so that we can project military power overseas.,0
27229,"Making sure that we've got the best education system in the world, including retraining our workers for the jobs of tomorrow.",0
27305,And that was -- that was -- that was what allowed us to become the number one state in the nation.,1
1787,"They can buy a computer for their kid who's going off to college, which means they're spending more money, businesses have more customers, businesses make more profits, and then hire more workers.",1
27730,We had a tire case in which they were flooding us with cheap domestic tires -- or -- or cheap Chinese tires.,1
27312,"And the principles that we put in place, we also gave kids not just a graduation exam that determined whether they were up to the skills needed to -- to be able compete, but also if they graduated the quarter of their class, they got a four-year tuition- free ride at any Massachusetts public institution of higher learning.",1
9159,"When you come out in 2014, I presume I'm going to be president.",0
27576,"I see the Middle East with a rising tide of violence, chaos, tumult.",0
2364,"A woman came to me and she said, look, I can't afford insurance for myself or my son.",0
2162,"Now, he says by not overpaying hospitals and providers.",1
1760,"But in order for us not to lose revenue, have the government run out of money, I also lower deductions and credits and exemptions, so that we keep taking in the same money when you also account for growth.",1
27976,"One is a path represented by the president, which at the end of four years would mean we'd have $20 trillion in debt heading towards Greece.",1
1689,He's lost his most recent job and we've now just lost our home.,0
27666,It's a nation that's not like -- like others and it does not have a civilian leadership that is calling the shots there.,1
26927,"And as a consequence, Al Qaeda's core leadership has been decimated.",1
9522,Getting us to a balanced budget.,0
2591,The proof of that is 1 out of 6 people in poverty.,1
9218,Governor Romney doesn't have a five-point plan.,0
27795,"And, you know, that's -- you're right.",0
27645,And so we decimated Al Qaida's core leadership in the border regions between Afghanistan and Pakistan.,1
9733,"Well, in fact we saved 1,000 jobs.",1
10023,"Number one, beef up our security and procedures, not just in Libya, but at every embassy and consulate in the region.",0
9381,"Well, think about what the governor -- think about what the governor just said.",0
9874,There are 4 million people who are waiting in line to get here legally.,1
9810,"In fact, he doubled it.",1
9204,"Well, the president took Detroit bankrupt.",1
1929,"I'm glad you raised that, and it's a -- it's a critical issue.",0
2657,"And by the way, I've had that experience.",0
2043,You'll never balance the budget by raising taxes.,0
27448,"Number two, with regards to Iran and the threat of Iran, there's no question but that a nuclear Iran, a nuclear-capable Iran is unacceptable to America.",0
2497,It was the largest expansion of private insurance.,1
10311,"Because they are low wage, low skill jobs.",0
10347,I've sat across the table from people who were out of work and worked with them to try and find new work or to help them through tough times.,0
2002,But you've been -- but you've been president four years...,0
27669,"This is a nation, which, if it falls apart, if it -- if it becomes a failed state, there are nuclear weapons there and you've got -- you've got terrorists there who could grab their -- their hands onto those nuclear weapons.",1
9623,"I was proud of the fact that after I staffed my Cabinet and my senior staff, that the University of New York in Albany did a survey of all 50 states, and concluded that mine had more women in senior leadership positions than any other state in America.",1
9718,My path is designed in getting small businesses to grow and hire people.,0
2621,Let me just finish the point.,0
2154,"And the answer is neither the president nor I are proposing any changes for any current retirees or near retirees, either to Social Security or Medicare.",1
9491,"Not only that, he said, ""I think that's what grows the economy.""",1
27626,"There are now a large number of Afghan Security Forces, 350,000 that are ready to step in to provide security and we're going to be able to make that transition by the end of 2014.",1
10319,"Those investments are what's going to help to make sure that we continue to lead this world economy, not just next year, but 10 years from now, 50 years from now, 100 years from now.",1
27832,Under no circumstances would I do anything other than to help this industry get on its feet.,0
2174,I want to take that $716 billion you've cut and put it back into Medicare.,1
10047,And there was no demonstration involved.,1
27580,"I see our trade deficit with China, larger than it's -- growing larger every year, as a matter of fact.",1
27511,"Then when there were dissidents in the streets of Tehran, a Green Revolution, holding signs saying, is America with us, the president was silent.",0
9155,"The middle-class has been crushed over the last four years, and jobs have been too scarce.",1
27874,...because the private sector's not going to invest in a...,0
2325,"In the meantime, by the way, we also made sure that all the help that we provided those banks was paid back every single dime, with interest.",1
1823,There are six other studies that looked at the study you describe and say it's completely wrong.,1
1963,The president said he'd cut the deficit in half.,1
2471,That's already offered in the private marketplace.,1
27577,"I see jihadists continuing to spread, whether they're rising or just about the same level, hard to precisely measure, but it's clear they're there.",1
26960,"With Mali now having North Mali taken over by Al Qaida; with Syria having Assad continuing to -- to kill, to murder his own people, this is a region in tumult.",1
9887,Was -- Lorranna -- Lorraine -- we are a nation of immigrants.,0
27226,"And Governor Romney, our alliances have never been stronger, in Asia, in Europe, in Africa, with Israel, where we have unprecedented military and intelligence cooperation, including dealing with the Iranian threat.",1
1971,"So 77 government programs, everything from aircrafts that the Air Force had ordered but weren't working very well, 18 government -- 18 government programs for education that were well-intentioned, not weren't helping kids learn, we went after medical fraud in Medicare and Medicaid very aggressively, more aggressively than ever before, and have saved tens of billions of dollars, $50 billion of waste taken out of the system.",1
2586,"And we -- we look for discovery and innovation, all these things desired out of the American heart to provide the pursuit of happiness for our citizens.",0
27803,We absolutely have to make more progress and that's why we're going to keep on pressing.,0
10234,One of the reasons -- or one of the ways they don't play by the rules is artificially holding down the value of their currency.,1
10018,"And these aren't just representatives of the United States, they are my representatives.",0
2547,That's its most basic function.,0
27754,How strong is our economy?,0
9466,"I want to get us on track to a balanced budget, and I'm going to reduce the tax burden on middle income families.",1
2017,"You said, ""Look, I'm going to extend the tax policies that we have now; I'm not going to raise taxes on anyone, because when the economy is growing slow like this, when we're in recession, you shouldn't raise taxes on anyone.""",1
27286,Companies are going to locate here depending on whether we've got the most highly skilled workforce.,0
2387,And it wasn't just that small businesses were seeing costs skyrocket and they couldn't get affordable coverage even if they wanted to provide it to their employees.,1
2572,So I reject the idea that I don't believe in great teachers or more teachers.,0
1822,"Now, you cite a study.",0
1935,"One, of course, is to raise taxes.",0
27273,And they include you and me.,0
27566,"Bob, let's not go into hypotheticals of that nature.",0
27184,"We're the great nation that has allies, 42 allies and friends around the world.",1
2574,The role of government: Look behind us.,0
10189,Giving them access to higher education.,1
10268,"One of his big ideas when it comes to corporate tax reform would be to say, if you invest overseas, you make profits overseas, you don't have to pay U.S. taxes.",1
26982,But I'll respond to a couple of things that you mentioned.,0
2295,This is an enormous boon for them.,0
2194,"They recruit them, leaving the older, sicker seniors in Medicare.",1
9438,And the reason I want middle-income taxpayers to have lower taxes is because middle-income taxpayers have been buried over the past four years.,1
10285,That's why exports have significantly increased under my presidency.,1
1974,"Now, we all know that we've got to do more.",0
9992,And we want to encourage that.,0
10371,That's not what I believe.,0
9768,"And those that I haven't been able to keep, it's not for lack of trying and we're going to get it done in a second term.",0
27871,But you're investing in companies doesn't do that.,0
27627,So our troops will come home at that point.,1
9354,"Look, there's no question but the people recognize that we have not produced more (inaudible) on federal lands and in federal waters.",1
27741,It's not government investments that makes businesses grow and hire people.,1
9367,I don't think the American people believe that.,0
9863,We welcome people coming to this country as immigrants.,1
2378,I don't like that idea.,0
1746,"Health care costs have gone up by $2,500 a family.",1
1766,"On government land, your administration has cut the number of permits and licenses in half.",1
2129,Social Security is structurally sound.,0
9742,And I think that's a mistake.,0
9149,So more debt and less jobs.,0
27709,In Egypt we stood on the side of democracy.,1
27146,These countries can't develop if young women are not given the kind of education that they need.,0
2402,"Now, the last point I'd make before...",0
9268,"And the president's right in terms of the additional oil production, but none of it came on federal land.",1
27391,Our Air Force is older and smaller than at any time since it was founded in 1947.,1
10265,"I want to close loopholes that allow companies to deduct expenses when they move to China; that allow them to profit offshore and not have to get taxed, so they have tax advantages offshore.",1
2555,And so what I've tried to do as president is to apply those same principles.,0
1895,We went from deficit to surplus.,1
27060,"We have provided humanitarian assistance and we are helping the opposition organize, and we're particularly interested in making sure that we're mobilizing the moderate forces inside of Syria.",1
9566,"And then we have his own record, which is we have four consecutive years where he said when he was running for office, he would cut the deficit in half.",1
27470,"We need to increase pressure time, and time again on Iran because anything other than a -- a -- a solution to this, which says -- which stops this -- this nuclear folly of theirs, is unacceptable to America.",0
27075,"Number two, seeing a -- a replacement government being responsible people is critical for us.",0
27647,"And we're now in a position where we can transition out, because there's no reason why Americans should die when Afghans are perfectly capable of defending their own country.",1
2495,There's a reason why Governor Romney set up the plan that he did in Massachusetts.,0
2059,Why wouldn't we eliminate tax breaks for corporate jets?,0
9637,This is what I have done.,0
27091,"And Assad -- excuse me, Kofi Annan came in and said we're going to try to have a ceasefire.",0
9370,"If you're paying less than you paid a year or two ago, why, then, the strategy is working.",1
2718,"And the reason is because of its people, because of the woman I met in North Carolina who decided at 55 to go back to school because she wanted to inspire her daughter and now has a job from that new training that she's gotten; because a company in Minnesota who was willing to give up salaries and perks for their executives to make sure that they didn't lay off workers during a recession.",0
2496,It wasn't a government takeover of health care.,1
1954,I'm going to stop other things.,0
2231,"Jim, if I -- if I can just respond very quickly, first of all, every study has shown that Medicare has lower administrative costs than private insurance does, which is why seniors are generally pretty happy with it.",1
2442,Because there -- there are two ways of dealing with our health care crisis.,0
2494,But that's already the law and that doesn't help the millions of people out there with preexisting conditions.,1
26949,"We should key our foreign aid, our direct foreign investment, and that of our friends, we should coordinate it to make sure that we -- we push back and give them more economic development.",0
2160,On Social Security he's not.,0
2503,"He says that he's going to replace Dodd-Frank, Wall Street reform, but we don't know exactly which ones.",0
27581,"I look around the world and I don't feel that you see North Korea, continuing to export their nuclear technology, Russia said they're not going to follow Nunn-Lugar any more.",1
9301,"Candy, there's no doubt that world demand's gone up, but our production is going up, and we're using oil more efficiently.",1
1940,The problem with raising taxes is that it slows down the rate of growth.,1
27207,"You can't have kids coming out of college, half of them can't find a job today, or a job that's commensurate with their college degree.",1
2167,We also have 50 percent of doctors who say they won't take more Medicare patients.,1
1850,"Governor Romney says, well, those top 3 percent, they're the job creators, they'd be burdened.",1
27042,"But number five, the other thing that we have to do is recognize that we can't continue to do nation building in these regions.",0
9226,That's what's been squeezing middle class families.,1
1660,"Millions of jobs were lost, the auto industry was on the brink of collapse.",1
27204,"And for that to happen, we have to strengthen our economy here at home.",0
27428,"In fact, this week we'll be carrying out the largest military exercise with Israel in history, this very week.",1
2530,"There are alternatives to accomplish the objective I have, which is to bring down rates, broaden the base, simplify the code, and create incentives for growth.",0
27808,That's the kind of leadership we've shown in the region.,1
2485,"Innermountain Healthcare does it superbly well, Mayo Clinic is doing it superbly well, Cleveland Clinic, others.",1
2034,There has to be revenue in addition to cuts.,0
2489,Let me just point out first of all this board that we're talking about can't make decisions about what treatments are given.,1
1827,"That is, I want to bring down rates.",0
2579,I do not believe in cutting our military.,0
27066,"But what we can't do is to simply suggest that, as Governor Romney at times has suggested, that giving heavy weapons, for example, to the Syrian opposition is a simple proposition that would lead us to be safer over the long term.",1
2203,And the primary beneficiary of that repeal are insurance companies that are estimated to gain billions of dollars back when they aren't making seniors any healthier.,1
2416,What you did instead was to push through a plan without a single Republican vote.,1
2253,Let's get back to Medicare.,0
2247,Can we -- can we stay on Medicare?,0
9731,We've brought twice as many cases against unfair trading practices than the previous administration and we've won every single one that's been decided.,1
9220,And that plan is to make sure that folks at the top play by a different set of rules.,0
9221,"That's been his philosophy in the private sector, that's been his philosophy as governor, that's been his philosophy as a presidential candidate.",0
2396,You keep your own doctor.,1
10363,The president said he would.,0
1755,"But our training programs right now, we've got 47 of them, housed in the federal government, reporting to eight different agencies.",1
2380,And three-quarters of them said it makes us less likely to hire people.,1
1711,"First, we've got to improve our education system and we've made enormous progress drawing on ideas both from Democrats and Republicans that are already starting to show gains in some of the toughest to deal with schools.",1
27342,"I can run this more efficiently than the federal government and states, by the way, are proving it.",0
27755,"They look at the fact that we owe 'em a trillion dollars and owe other people $16 trillion in total, including that.",1
9973,You also have investments in Chinese companies.,1
27585,"I mean, the president received a letter from 38 Democrat senators saying the tensions with Israel were a real problem.",1
9807,This is a president who has not been able to do what he said he'd do.,0
2472,You don't have to have the government mandate that for that to occur.,0
9834,"That's wonderful, except we have a record to look at.",0
27736,"If we don't have the best education system in the world, if we don't continue to put money into research and technology that will allow us to create great businesses here in the United States, that's how we lose the competition.",1
9728,"When he talks about getting tough on China, keep in mind that Governor Romney invested in companies that were pioneers of outsourcing to China, and is currently investing in countries -- in companies that are building surveillance equipment for China to spy on its own folks.",1
27245,And what we've seen over the last four years is something I don't want to see over the next four years.,0
27385,"Our Navy is old -- excuse me, our Navy is smaller now than at any time since 1917.",1
10271,The problem is they'll be in china.,0
9730,"And what we've done when it comes to trade is not only sign three trade deals to open up new markets, but we've also set up a task force for trade that goes after anybody who is taking advantage of American workers or businesses and not creating a level playing field.",1
2315,"Now, it wasn't just on Wall Street.",0
2524,"One way, for instance, would be to have a single number.",0
2137,And she was fiercely independent.,0
27822,"And in that process, they can get government help and government guarantees, but they need to go through bankruptcy to get rid of excess cost and the debt burden that they'd -- they'd built up.",1
2719,"The auto workers that you meet in Toledo or Detroit take such pride in building the best cars in the world, not just because of a paycheck, but because it gives them that sense of pride, that they're helping to build America.",1
27233,That's the kind of leadership that we need to show.,0
9986,"His top adviser on immigration is the guy who designed the Arizona law, the entirety of it; not E-Verify, the whole thing.",1
9925,I did not say that the Arizona law was a model for the nation in that aspect.,1
27300,And our eighth graders number one in English and also in math.,1
27287,"And the kinds of budget proposals that you've put forward, when we don't ask either you or me to pay a dime more in terms of reducing the deficit, but instead we slash support for education, that's undermining our long-term competitiveness.",0
9303,We've opened up public lands.,1
2505,He now says he's going to replace Obamacare and ensure that all the good things that are in it are going to be in there and you don't have to worry.,1
9608,"We've expanded Pell Grants for millions of people, including millions of young women, all across the country.",1
1796,"Now, that's not my analysis.",0
27890,You said that they could get it in the private marketplace.,0
9822,"Today, 47 million people are on food stamps.",1
27560,"And they can look at my track record, whether it's Iran sanctions, whether it's dealing with counterterrorism, whether it's supporting democracy, whether it's supporting women's rights, whether it's supporting religious minorities.",0
27409,It's what are our capabilities.,0
27102,"When we went in to Libya, and we were able to immediately stop the massacre there, because of the unique circumstances and the coalition that we had helped to organize.",1
2168,This -- we have 4 million people on Medicare Advantage that will lose Medicare Advantage because of those $716 billion in cuts.,1
27686,"But we do need to make sure that as we -- as we send support for them, that this is tied to them making progress on -- on matters that would lead them to becoming a civil society.",0
2062,"Well, I want to do the same thing, but I've actually identified how we can do that.",0
1668,"Governor Romney has a perspective that says if we cut taxes, skewed towards the wealthy, and roll back regulations, that we'll be better off.",1
26987,"It's a geopolitical foe, and I said in the same -- in the same paragraph I said, and Iran is the greatest national security threat we face.",1
26983,"First of all, Russia I indicated is a geopolitical foe.",1
27378,The president hasn't balanced a budget yet.,1
9274,What was his participation there?,0
9835,"And that record shows he just hasn't been able to cut the deficit, to put in place reforms for Medicare and Social Security to preserve them, to get us the rising incomes we need.",1
2282,"At the same time, regulation can become excessive.",0
10094,It took them a long time to say this was a terrorist act by a terrorist group.,0
10236,And that makes them advantageous in the marketplace.,1
27858,Providing funding to universities and think tanks is great.,0
9650,You know a major difference in this campaign is that Governor Romney feels comfortable having politicians in Washington decide the health care choices that women are making.,0
2041,That's how we get growth and how we balance the budget.,0
27639,"When I came into office, we were still bogged down in Iraq and Afghanistan had been drifting for a decade.",1
9193,We have fewer people working today than we had when the president took office.,1
26952,"Number four, the rule of law.",0
26940,"That's -- that's important, of course.",0
2751,"You're going to see health premiums go up by some $2,500 per family.",0
27950,"Over the last four years we've made real progress digging our way out of policies that gave us two prolonged wars, record deficits and the worst economic crisis since the Great Depression.",1
9324,"Governor, we have actually produced more oil --",1
9691,And -- and the -- and the president's statement of my policy is completely and totally wrong.,1
27794,"Well, Governor Romney's right, you are familiar with jobs being shipped overseas because you invested in companies that were shipping jobs overseas.",1
10220,China is now the largest manufacturer in the world.,1
2535,And what we did in Massachusetts is a model for the nation state by state.,0
27670,This is -- this is an important part of the world for us.,0
2394,"Number one, if you've got health insurance, it doesn't mean a government takeover.",0
2509,"The reason is, is because, when we reform Wall Street, when we tackle the problem of pre-existing conditions, then, you know, these are tough problems and we've got to make choices.",0
27151,Their aspirations are similar to young people's here.,0
2321,We stepped in and had the toughest reforms on Wall Street since the 1930s.,1
9657,That's not the kind of advocacy that women need.,0
26958,"Libya's 6 million population; Egypt, 80 million population.",1
27309,The first -- the first -- the first -- and we kept our schools number one in the nation.,1
9860,Thank you for your question.,0
27213,"And a year later, 9/11 happened.",1
26913,"Mali has been taken over, the northern part of Mali by al-Qaeda type individuals.",1
2453,"And over the last two years, health care premiums have gone up -- it's true -- but they've gone up slower than any time in the last 50 years.",1
10345,I -- I served as a missionary for my church.,0
27351,"Now, the math doesn't work, but he continues to claim that he's going to do it.",1
27727,That's the reason why we have brought more cases against China for violating trade rules than the other -- the previous administration had done in two terms.,1
27227,"But what we also have been able to do is position ourselves so we can start rebuilding America, and that's what my plan does.",1
9514,"We don't have to settle for, how many months, 43 months with unemployment above 8 percent, 23 million Americans struggling to find a good job right now.",1
1980,"Well, that's how the commission -- bipartisan commission that talked about how we should move forward suggested we have to do it, in a balanced way with some revenue and some spending cuts.",0
9176,It also means we're helping them and small businesses to export all around the world to new markets.,1
1659,"You know, four years ago we went through the worst financial crisis since the Great Depression.",1
9484,"But what I've also says is for above $250,000, we can go back to the tax rates we had when Bill Clinton was president.",0
10180,So that's on the record.,0
27395,"And I will not cut our military budget by a trillion dollars, which is a combination of the budget cuts the president has, as well as the sequestration cuts.",1
9919,"But it's very hard for Republican's in Congress to support comprehensive immigration reform, if their standard bearer has said that, this is not something I'm interested in supporting.",0
27656,"And as a consequence, veterans' unemployment is actually now lower than general population.",1
26981,"Attacking me is not talking about how we're going to deal with the challenges that exist in the Middle East, and take advantage of the opportunity there, and stem the tide of this violence.",0
27954,"And I've put forward a plan to make sure that we're bringing manufacturing jobs back to our shores by rewarding companies and small businesses that are investing here, not overseas.",1
9981,I do want to make sure that...,0
9752,There's no doubt about it.,0
27104,"And to the governor's credit, you supported us going into Libya and the coalition that we organized.",1
9382,"He said when I took office, the price of gasoline was $1.80, $1.86.",1
9205,You took General Motors bankrupt.,1
9146,"With half of college kids graduating this year without a college -- excuse me, without a job.",1
27929,I've been -- Ann was with someone just the other day that was just weeping about not being able to get work.,0
2446,"So at Cleveland Clinic, one of the best health care systems in the world, they actually provide great care cheaper than average.",1
1712,"We've got a program called Race to the Top that has prompted reforms in 46 states around the country, raising standards, improving how we train teachers.",1
2452,"And the fact of the matter is that, when Obamacare is fully implemented, we're going to be in a position to show that costs are going down.",0
1694,My plan has five basic parts.,0
27657,It was higher when I came into office.,1
1988,"... talked about Medicaid and how we could send it back to the states, but effectively this means a 30 percent cut in the primary program we help for seniors who are in nursing homes, for kids who are with disabilities.",1
2501,"It just reminds me of, you know, he says that he's going to close deductions and loopholes for his tax plan.",0
27038,"And so what I've done throughout my presidency and will continue to do is, number one, make sure that these countries are supporting our counterterrorism efforts.",0
9535,"Along with what he also wants to do in terms of eliminating the estate tax, along what he wants to do in terms of corporates, changes in the tax code, it costs about $5 trillion.",1
2190,"The idea, which was originally presented by Congressman Ryan, your running mate, is that we would give a voucher to seniors and they could go out in the private marketplace and buy their own health insurance.",1
2563,"In fact we've seen layoffs of hundreds of thousands of teachers over the last several years, and Governor Romney doesn't think we need more teachers.",1
9374,The price of electricity is up.,1
1713,"So now I want to hire another 100,000 new math and science teachers, and create 2 million more slots in our community colleges so that people can get trained for the jobs that are out there right now.",0
2328,"But in the past, Governor Romney has said he just want to repeal Dodd- Frank, roll it back.",1
27246,The president said by now we'd be a 5.4 percent unemployment.,1
9483,The only reason it's not happening is because Governor Romney's allies in Congress have held the 98 percent hostage because they want tax breaks for the top 2 percent.,1
2197,"So, I don't think vouchers are the right way to go.",0
9758,"I said that we would put in place health care reform to make sure that insurance companies can't jerk you around and if you don't have health insurance, that you'd have a chance to get affordable insurance, and I have.",1
9212,"Candy, what Governor Romney said just isn't true.",0
27668,Then you have the military and then you have the civilian government.,0
27729,"In fact, just recently steelworkers in Ohio and throughout the Midwest -- Pennsylvania -- are in a position now to sell steel to China because we won that case.",1
2395,You keep your own insurance.,0
9870,"I also think that we should give visas to people -- green cards, rather, to people who graduate with skills that we need.",0
10182,We're not going to eliminate everybody who is mentally disturbed and we have got to make sure they don't get weapons.,0
27622,"Well, we're going to be finished by 2014, and when I'm president, we'll make sure we bring our troops out by the end of 2014.",0
10102,I'm happy to have a longer conversation --,0
27466,His words amount to genocide incitation.,0
10338,I care about our kids.,0
10244,"Don't forget, what's key to bringing back jobs here is not just finding someone else to punish, and I'm going to be strict with people who we trade with to make sure they -- they follow the law and play by the rules, but it's also to make America the most attractive place in the world for businesses of all kinds.",1
27267,New business formation is down to the lowest level in 30 years under this administration.,1
27162,"I wish that, looking back at the beginning of the president's term and even further back than that, that we'd have recognized that there was a growing energy and passion for freedom in that part of the world, and that we would have worked more aggressively with our friend and with other friends in the region to have them make the transition towards a more representative form of government, such that it didn't explode in the way that it did.",0
2163,"Actually just going to them and saying, ""We're going to reduce the rates you get paid across the board, everybody's going to get a lower rate.""",1
2439,And Governor Romney at the beginning of this debate wrote and said what we did in Massachusetts could be a model for the nation.,0
2091,It's time to end it.,0
10292,We can compete with anyone in the world as long as the playing field is level.,0
2639,"All right, I'm not going to cut education funding.",0
9966,"Mr. President, have you looked at your pension?",0
2092,"And in one year, you provided $90 billion in breaks to the green energy world.",1
2093,"Now, I like green energy as well, but that's about 50 years' worth of what oil and gas receives.",1
27919,Twenty-three million Americans still struggling to find a good job.,1
9495,I think what grows the economy is when we make sure small businesses are getting a tax credit for hiring veterans who fought for our country.,0
2595,We know that the path we're taking is not working.,0
2490,That's explicitly prohibited in the law.,1
2189,"For -- so if you're -- if you're 54 or 55, you might want to listen 'cause this -- this will affect you.",1
9302,And very little of what Governor Romney just said is true.,0
27770,"They're stealing our intellectual property, our patents, our designs, our technology, hacking into our computers, counterfeiting our goods.",1
10036,"And I am ultimately responsible for what's taking place there because these are my folks, and I'm the one who has to greet those coffins when they come home.",0
1672,"Now, it ultimately is going to be up to the voters -- to you -- which path we should take.",0
2343,It's one of the reasons for the great financial calamity we had.,0
10178,"The -- first of all, I think Governor Romney was for an assault weapons ban before he was against it.",1
2201,"And ironically, if you repeal Obamacare, and I have become fond of this term, ""Obamacare,"" if you repeal it, what happens is those seniors right away are going to be paying $600 more in prescription care.",1
10027,"While we were still dealing with our diplomats being threatened, Governor Romney put out a press release, trying to make political points, and that's not how a commander in chief operates.",1
27481,"And we hope that their leadership takes the right decision, but the deal we'll accept is they end their nuclear program.",0
9648,"Now, there are some other issues that have a bearing on how women succeed in the workplace.",0
9589,"And it's Katherine Fenton, who has a question for you.",0
2705,"And, you know, yes, have we had some fights between me and the Republicans when -- when they fought back against us reining in the excesses of Wall Street?",0
1715,"When it comes to our tax code, Governor Romney and I both agree that our corporate tax rate is too high, so I want to lower it, particularly for manufacturing, taking it down to 25 percent.",1
10372,I believe that the free enterprise system is the greatest engine of prosperity the world's ever known.,0
2326,"Now, Governor Romney has said he wants to repeal Dodd-Frank.",1
27763,We'll also make sure that we have trade relations with China that work for us.,0
1873,But those businesses that are in the last 3 percent of businesses happen to employ half -- half of all the people who work in small business.,1
2388,"It wasn't just that this was the biggest driver of our federal deficit, our overall health care costs, but it was families who were worried about going bankrupt if they got sick, millions of families, all across the country.",1
2009,"If you're re-elected, we'll get to a trillion-dollar debt.",1
2018,"Well, the economy is still growing slow.",1
27064,"But we also have to recognize that, you know, for us to get more entangled militarily in Syria is a serious step, and we have to do so making absolutely certain that we know who we are helping; that we're not putting arms in the hands of folks who eventually could turn them against us or allies in the region.",0
27705,"And what we've also done is engaged these governments in the kind of reforms that are actually going to make a difference in people's lives day to day, to make sure that their governments aren't corrupt, to make sure that they're treating women with the kind of respect and dignity that every nation that succeeds has shown and to make sure that they've got a free market system that works.",1
10368,I served as governor and showed I could get them done.,1
27403,But I think Governor Romney maybe hasn't spent enough time looking at how our military works.,0
2469,"But, number one, preexisting conditions are covered under my plan.",1
10297,They hack into our computers.,1
9652,"In my health care bill, I said insurance companies need to provide contraceptive coverage to everybody who is insured.",1
2104,I have no idea what you're talking about.,0
26966,"But just a few weeks ago, you said you think we should have more troops in Iraq right now.",1
2427,"Right now, the CBO says up to 20 million people will lose their insurance as Obamacare goes into effect next year.",1
2626,Let me just say one final example.,0
26910,"Of course we see in Syria, 30,000 civilians having been killed by the military there.",1
2604,The federal government can get local and -- and state schools to do a better job.,0
9695,"I mean for instance, we can now, by virtue of new technology actually get all the energy we need in North America without having to go to the -- the Arabs or the Venezuelans or anyone else.",1
2255,Let's get back to Medicare.,0
9595,"She never got a college education, even though she was smart as a whip.",0
9194,"If the -- the unemployment rate was 7.8 percent when he took office, it's 7.8 percent now.",1
27130,And we need to make sure they have the arms they need to carry out the very important role which is getting rid of Assad.,0
9459,And I want to help people in the middle-class.,0
2749,In my view that's going to mean a whole different way of life for people who counted on the insurance plan they had in the past.,0
26971,"You said that, first, we should not have a timeline in Afghanistan.",1
2460,"In fact, it's estimated that by repealing Obamacare, you're looking at 50 million people losing health insurance...",1
26938,"Well, my strategy is pretty straightforward, which is to go after the bad guys, to make sure we do our very best to interrupt them, to -- to kill them, to take them out of the picture.",0
1730,"First of all, I don't have a $5 trillion tax cut.",1
27457,But it's good that we have them.,0
27716,And they don't have the same capacities to attack the U.S. homeland and our allies as they did four years ago.,1
2425,We didn't put in place a board that can tell people ultimately what treatments they're going to receive.,1
2081,But they're not creative enough to make up for 30 percent of revenue on something like Medicaid.,0
10346,I served as a pastor in my congregation for about 10 years.,0
1973,That's the largest cut in the discretionary domestic budget since Dwight Eisenhower.,1
2566,And as a consequence we'll have a better trained workforce and that will create jobs because companies want to locate in places where we've got a skilled workforce.,0
9821,"When he took office, 32 million people were on food stamps.",1
26944,"The right course for us is to make sure that we go after the -- the people who are leaders of these various anti-American groups and these -- these jihadists, but also help the Muslim world.",0
9152,I know what it takes to make sure that you have the kind of opportunity you deserve.,0
9517,We can get this economy going again.,0
9203,"And I know he keeps saying, you want to take Detroit bankrupt.",0
1719,"But I also believe that we've got to look at the energy sources of the future, like wind and solar and biofuels, and make those investments.",0
10098,The ambassador of the United Nations went on the Sunday television shows and spoke about how --,0
2005,You said you'd cut the deficit in half.,1
9134,"I can't begin to pay back my student loans.""",0
1844,"So at the same time that my tax plan has already lowered taxes for 98 percent of families, I also lowered taxes for small businesses 18 times.",1
2109,What we do have right now is a setting where I'd like to bring money from overseas back to this country.,0
9506,"And why do I want to bring rates down, and at the same time lower exemptions and deductions, particularly for people at the high end?",0
27490,It's because we got everybody to agree that Iran is seeing so much pressure.,0
2237,"And when you move to a voucher system, you are putting seniors at the mercy of those insurance companies.",0
9444,So I want to get some relief to middle-income families.,0
1849,"Under -- under my plan, 97 percent of small businesses would not see their income taxes go up.",0
27377,We cut taxes 19 times and balanced our budget.,1
27675,We had to go in there to get Osama bin Laden.,0
9403,So I get the last question -- last answer --,0
26961,"And, of course, Iran on the path to a nuclear weapon, we've got real (inaudible).",1
9255,"We've got potentially 600,000 jobs and 100 years worth of energy right beneath our feet with natural gas.",1
10340,"I spent my life in the private sector, not in government.",0
10349,"And as governor of my state, I was able to get 100 percent of my people insured, all my kids, about 98 percent of the adults.",1
9813,"And if Obamacare is passed, or implemented -- it's already been passed -- if it's implemented fully, it'll be another $2,500 on top.",1
2556,And when it comes to education what I've said is we've got to reform schools that are not working.,1
10055,This was an attack by terrorists.,1
2040,"Look, the revenue I get is by more people working, getting higher pay, paying more taxes.",1
2655,I don't want to cut our commitment to education.,0
2193,"But there's still a problem, because what happens is, those insurance companies are pretty clever at figuring out who are the younger and healthier seniors.",0
9245,We have seen increases in coal production and coal employment.,1
2195,"And every health care economist that looks at it says, over time, what'll happen is the traditional Medicare system will collapse.",0
27949,And now you've got a choice.,0
10238,And manufacturers here in the U.S. making the same products can't compete.,1
2177,"And with regards to young people coming along, I've got proposals to make sure Medicare and Social Security are there for them without any question.",0
27536,And we are going to continue to keep the pressure on to make sure that they do not get a nuclear weapon.,0
1723,"And this is where there's a difference, because Governor Romney's central economic plan calls for a $5 trillion tax cut -- on top of the extension of the Bush tax cuts -- that's another trillion dollars -- and $2 trillion in additional military spending that the military hasn't asked for.",1
9791,I think you know better.,0
27037,"Now, it is absolutely true that we cannot just meet these challenges militarily.",0
27000,That was something I concurred with...,1
27584,"I see our influence receding, in part because of the failure of the president to deal with our economic challenges at home; in part because of our withdrawal from our commitment to our military in the way I think it ought to be; in part because of the -- the -- the turmoil with Israel.",0
2473,"But let's come back to something the president and I agree on, which is the key task we have in health care is to get the cost down so it's more affordable for families.",0
9258,"Now, Governor Romney will say he's got an all-of-the-above plan, but basically his plan is to let the oil companies write the energy policies.",1
9453,"But your rate comes down and the burden also comes down on you for one more reason, and that is every middle-income taxpayer no longer will pay any tax on interest, dividends or capital gains.",1
2613,"So when Governor Romney indicates that he wants to cut taxes and potentially benefit folks like me and him, and to pay for it we're having to initiate significant cuts in federal support for education, that makes a difference.",1
9548,"And -- and what's at stake here is one of two things, either Candy -- this blows up the deficit because keep in mind, this is just to pay for the additional spending that he's talking about, $7 trillion - $8 trillion before we even get to the deficit we already have.",1
1705,"The president has a view very similar to the view he had when he ran four years, that a bigger government, spending more, taxing more, regulating more -- if you will, trickle-down government -- would work.",1
2141,"She had worked all her life, put in this money, and understood that there was a basic guarantee, a floor under which she could not go.",0
27655,The first lady has done great work with an organization called Joining Forces putting our veterans back to work.,1
27353,"Now, keep in mind that our military spending has gone up every single year that I've been in office.",1
9975,You also have investments through a Cayman's trust.,1
26934,"Got rid of a despot who had killed Americans and as a consequence, despite this tragedy, you had tens of thousands of Libyans after the events in Benghazi marching and saying America is our friend.",1
9524,"And finally, championing small business.",0
27240,He's praised George Bush as a good economic steward and Dick Cheney as somebody who's -- who shows great wisdom and judgment.,0
2518,He said he was going to lower tax rates.,1
9503,"The top 5 percent will continue to pay 60 percent, as they do today.",1
27451,"And crippling sanctions are something I called for five years ago, when I was in Israel, speaking at the Herzliya Conference.",1
27270,"First of all, Governor Romney talks about small businesses.",0
27282,"Now, Governor Romney, when you were asked by teachers whether or not this would help the economy grow, you said this isn't going to help the economy grow.",1
27077,We don't want to get drawn into a military conflict.,0
9297,"This is about bringing good jobs back for the middle class of America, and that's what I'm going to do.",0
2630,"And as a consequence, what we've been able to do is to provide millions more students assistance, lower or keep low interest rates on student loans.",1
9139,"If you graduated in the top quarter of your airlines, we gave you a John and Abigail Adams scholarship, four years tuition free in the college of your choice in Massachusetts, it's a public institution.",1
27006,"You thought it should have been 5,000 troops...",1
2276,You can't have a free market work if you don't have regulation.,0
9247,We've also got to look to the future.,0
9713,"I want regulators to see their job as encouraging small enterprise, not crushing it.",0
9836,"Median income is down $4,300 a family and 23 million Americans out of work.",1
1663,"Over the last 30 months, we've seen 5 million jobs in the private sector created.",1
10150,"But gosh to tell our kids that before they have babies, they ought to think about getting married to someone, that's a great idea.",0
9636,"What we can do to help young women and women of all ages is to have a strong economy, so strong that employers that are looking to find good employees and bringing them into their workforce and adapting to a flexible work schedule that gives women opportunities that they would otherwise not be able to afford.",1
9200,"And one thing that the president said, which I want to make sure that we understand, he said that I said we should take Detroit bankrupt.",1
2400,And it also says that you're going to have to get rebates if insurance companies are spending more on administrative costs and profits than they are on actual care.,1
9910,Part of the Arizona law said that law enforcement officers could stop folks because they suspected maybe they looked like they might be undocumented workers and check their papers.,1
27968,I'm excited about our prospects as a nation.,0
26928,"In addition, we're now able to transition out of Afghanistan in a responsible way, making sure that Afghans take responsibility for their own security.",0
1968,"When I walked into the Oval Office, I had more than a trillion-dollar deficit greeting me.",1
2697,That's how we cut a trillion dollars of spending that wasn't advancing that cause.,1
9541,"But when he's asked, how are you going to do it, which deductions, which loopholes are you going to close?",0
9782,...the choice in this election is going to be whose promises are going to be more likely to help you in your life?,0
1782,And that's exactly what I did.,1
10209,But this will make a difference in terms of whether or not we can move this economy forward for these young people...,0
27373,"If you didn't balance your budget, you went out of business.",0
9606,"Earlier, Governor Romney talked about he wants to make Pell Grants and other education accessible for young people.",1
2138,"She worked her way up, only had a high school education, started as a secretary, ended up being the vice president of a local bank.",0
27072,It's their route to the sea.,0
27345,"But the military -- let's get back to the military, though.",0
1696,That creates about 4 million jobs.,1
2008,The CBO says we'll have a trillion-dollar deficit each of the next four years.,1
10130,They're using cheap hand guns.,1
27846,...I would liquidate the industry.,0
2437,This was a bipartisan idea.,1
27332,You look at how we get to a balanced budget within eight to 10 years.,0
1915,My priority is putting people back to work in America.,0
27299,"While I was governor, I was proud that our fourth graders came out number one of all 50 states in English, and then also in math.",1
9801,"He said he would have by now put forward a plan to reform Medicare and Social Security, because he pointed out they're on the road to bankruptcy.",1
2056,"Basically, they get deductions that those small businesses that Governor Romney refers to, they don't get.",1
9510,Fifty-four percent of America's workers work in businesses that are taxed as individuals.,1
27591,But just a few years ago you said that's something you'd never do.,1
2370,"And as a matter of fact, when the president ran for office, he said that, by this year, he would have brought down the cost of insurance for each family by $2,500 a family.",1
9256,And we can do it in an environmentally sound way.,0
27593,"In the same way that you say you would have ended the war in Iraq, but recently gave a speech saying that we should have 20,000 more folks in there.",1
26911,"We see in -- in Libya, an attack apparently by, I think we know now, by terrorists of some kind against -- against our people there, four people dead.",1
2627,"When it comes to making college affordable, whether it's two-year or four-year, one of the things that I did as president was we were sending $60 billion to banks and lenders as middlemen for the student loan program, even though the loans were guaranteed.",1
27557,"Which is why as president, we funded an Iron Dome program to stop those missiles.",1
27464,"Secondly, I'd take on diplomatic isolation efforts.",0
27039,"Number two, make sure that they are standing by our interests in Israel's security, because it is a true friend and our greatest ally in the region.",0
2436,Governor Romney said this has to be done on a bipartisan basis.,0
9359,You'll get your chance in a moment.,0
27368,"It's driven by, what are we going to need to keep the American people safe?",0
27456,I would have put them in place earlier.,0
27690,"But let me also note that as I said earlier, we're going to have to do more than just going after leaders and -- and killing bad guys, important as that is.",0
27188,"But unfortunately, in -- nowhere in the world is America's influence greater today than it was four years ago.",1
26929,And that allows us also to rebuild alliances and make friends around the world to combat future threats.,0
9223,You can ship jobs overseas and get tax breaks for it.,1
27912,Those are the kinds of choices that the American people face right now.,1
26980,And -- and attacking me is not an agenda.,0
1855,And I think that would be a mistake.,0
27596,"But when you were a candidate in 2008, as I was, and I said if I got bin Laden in our sights I would take that shot, you said we shouldn't move heaven and earth to get one man.",1
10242,So we're going to make sure that people we trade with around the world play by the rules.,0
27133,"Well, I'll -- I'll be very quick.",0
2432,"They put out a plan, a bipartisan plan.",1
27838,That's the height of silliness...,0
1777,"And I -- and to do that, that also means I cannot reduce the burden paid by high-income Americans.",0
2148,"And using that money, we were actually able to lower prescription drug costs for seniors by an average of $600, and we were also able to make a -- make a significant dent in providing them the kind of preventive care that will ultimately save money through the -- throughout the system.",1
1789,And he is saying that he is going to pay for it by closing loopholes and deductions.,1
27544,"And by the way, they noticed that you skipped Israel.",0
1978,"And the way we do it is $2.50 for every cut, we ask for $1 of additional revenue, paid for, as I indicated earlier, by asking those of us who have done very well in this country to contribute a little bit more to reduce the deficit.",1
10030,And people -- not everybody agrees with some of the decisions I've made.,0
27922,"When you came to office, just over $10 trillion in debt, now $16 trillion in debt.",1
9827,"But the policies he's put in place from Obamacare to Dodd-Frank to his tax policies to his regulatory policies, these policies combined have not let this economy take off and grow like it could have.",1
2619,And one of the things I suspect Governor Romney and I probably agree on is getting businesses to work with community colleges so that they're setting up their training programs...,0
27063,"This -- what we're seeing taking place in Syria is heartbreaking, and that's why we are going to do everything we can to make sure that we are helping the opposition.",0
27279,And they're starting to finally make progress.,0
27529,"And the fact is, while we were coordinating an international coalition to make sure these sanctions were effective, you were still invested in a Chinese state oil company that was doing business with the Iranian oil sector.",1
2088,"First of all, the Department of Energy has said the tax break for oil companies is $2.8 billion a year.",1
27515,"Now there are some 10,000 centrifuges spinning uranium, preparing to create a nuclear threat to the United States and to the world.",1
27921,"Today, 47 million people on food stamps.",1
2646,"$90 billion, that would have -- that would have hired 2 million teachers.",1
27068,"Well, let's step back and talk about what's happening in Syria and how important it is.",0
27100,And we are making sure that those we help are those who will be friends of ours in the long term and friends of our allies in the region over the long term.,0
27889,"You were very clear that you would not provide, government assistance to the U.S. auto companies, even if they went through bankruptcy.",1
27868,So I want to make sure that we make -- we make America more competitive.,0
27637,"So for me, I look at this as both a need to help move Pakistan in the right direction, and also to get Afghanistan to be ready, and they will be ready by the end of 2014.",0
27439,And they have said that they want to see Israel wiped off the map.,1
27390,I want to make sure that we have the ships that are required by our Navy.,0
27713,And we want to shrink those groups and those networks and we can do that.,0
27778,So it's pretty clear who doesn't want a trade war.,0
1781,"Now, four years ago, when I stood on this stage, I said that I would cut taxes for middle-class families.",1
1771,People in the coal industry feel like it's getting crushed by your policies.,1
27903,"People can look it up, you're right.",0
9696,"That wasn't true in his time, that's why my policy starts with a very robust policy to get all that energy in North America -- become energy secure.",0
27369,"That's exactly what our budget does, and it also then allows us to reduce our deficit, which is a significant national security concern.",1
2010,"I mean, you have said before you'd cut the deficit in half.",1
1685,I've had the occasion over the last couple of years of meeting people across the country.,0
9722,"We were losing 800,000 jobs a month when I started.",1
9724,"Now, we've seen 30 consecutive -- 31 consecutive months of job growth; 5.2 million new jobs created.",1
9291,"Because our energy is low cost, that are already beginning to come back because of our abundant energy.",1
2602,But the federal government also can play a very important role.,0
1665,And housing has begun to rise.,1
9372,"When the president took office, the price of gasoline here in Nassau County was about $1.86 a gallon.",1
1995,"Simpson-Bowles, the president should have grabbed that.",0
2419,"What we did in a legislature 87 percent Democrat, we worked together; 200 legislators in my legislature, only two voted against the plan by the time we were finished.",1
9625,"But number two, because I recognized that if you're going to have women in the workforce that sometimes you need to be more flexible.",0
9568,"We've gone from $10 trillion of national debt, to $16 trillion of national debt.",1
26954,"But what's been happening over the last couple of years is, as we've watched this tumult in the Middle East, this rising tide of chaos occur, you see Al Qaida rushing in, you see other jihadist groups rushing in.",1
27432,Their currency has dropped 80 percent.,1
9817,The entire record is such that the unemployment has not been reduced in this country.,1
27831,"I said that we would provide guarantees, and -- and that was what was able to allow these companies to go through bankruptcy, to come out of bankruptcy.",1
9394,That's not an energy strategy for the future.,0
9133,They're just barely enough to pay for my food and pay for an apartment.,0
27708,"One thing I think Americans should be proud of, when Tunisians began to protest, this nation -- me, my administration -- stood with them earlier than just about any country.",1
27175,Former chief of the -- Joint Chiefs of Staff said that -- Admiral Mullen said that our debt is the biggest national security threat we face.,1
27969,I want to see peace.,0
27256,"As a matter of fact, Latin America's economy is almost as big as the economy of China.",1
27440,So the work that we've done with respect to sanctions now offers Iran a choice.,1
27605,"And I make that point because that's the kind of clarity of leadership, and those decisions are not always popular.",0
9723,But we had been digging our way out of policies that were misplaced and focused on the top doing very well and middle class folks not doing well.,1
27551,"And when I went to Israel as a candidate, I didn't take donors.",1
2334,That's why I'd have regulation.,0
10058,"Consider the distance between ourselves and -- and Israel, the president said that -- that he was going to put daylight between us and Israel.",0
26991,"And I'm certainly not going to say to him, I'll give you more flexibility after the election.",0
9799,This was the president's plan.,0
27156,"You know, one of the challenges over the last decade is we've done experiments in nation building in places like Iraq and Afghanistan and we've neglected, for example, developing our own economy, our own energy sectors, our own education system.",0
9248,That's why we doubled fuel efficiency standards on cars.,1
2605,"My own view, by the way, is I've added to that.",0
27907,"Cutting our education budget, that's not a smart choice.",0
9935,Four years ago you said in your first year you would file legislation.,1
9464,"A recent study has shown the people in the middle-class will see $4,000.00 per year in higher taxes as a result of the spending and borrowing of this administration.",1
27588,... the damage in his -- in his own party.,0
26955,And -- and they're throughout many nations in the Middle East.,0
27174,"When the -- when the president of Iraq -- excuse me, of Iran, Ahmadinejad, says that our debt makes us not a great country, that's a frightening thing.",0
9727,That's what took us from surplus to deficit.,1
27642,And we are now in a position where we have met many of the objectives that got us there in the first place.,0
27920,When you came to office 32 million people on food stamps.,1
27972,We have an opportunity to have real leadership.,0
27215,I will not cut our military budget.,0
10387,That's what I've been doing for the last four years.,0
2491,"But let's go back to what Governor Romney indicated, that under his plan, he would be able to cover people with preexisting conditions.",1
27632,They'll have more than Great Britain sometime in the -- in the relatively near future.,0
1820,"And number three, I will not under any circumstances raise taxes on middle-income families.",0
9943,But I'm not in favor of rounding up people and -- and -- and taking them out of this country.,0
2155,"So if you're 60 or around 60 or older, you don't need to listen any further.",0
9879,"So for instance, I would not give driver's licenses to those that have come here illegally as the president would.",1
27830,You did not say that you would provide government help.,1
9700,I want to add more free trade agreements so we'll have more trade.,0
9251,And all these things have contributed to us lowering our oil imports to the lowest levels in 16 years.,1
10291,The answer is very straightforward.,0
27731,And we put a stop to it and as a consequence saved jobs throughout America.,1
27163,"But once it exploded, I felt the same as the president did, which is these freedom voices and the streets of Egypt, where the people who were speaking of our principles and the President Mubarak had done things which were unimaginable and the idea of him crushing his people was not something that we could possibly support.",0
9250,That's why we doubled clean -- clean energy production like wind and solar and biofuels.,1
9319,"In the last four years, you cut permits and licenses on federal land and federal waters in half.",1
2559,"What we've said is to states, we'll give you more money if you initiate reforms.",1
27313,That happened before you came into office.,0
27336,And that one doesn't sound good and it's not affordable.,0
10026,Now Governor Romney had a very different response.,0
10295,"Number two, by stealing our intellectual property; our designs, our patents, our technology.",0
26959,We want -- we want to make sure that we're seeing progress throughout the Middle East.,0
10033,"I said that we'd go after al-Qaeda and bin Laden, we have.",1
2587,But we also believe in maintaining for individuals the right to pursue their dreams and not to have the government substitute itself for the rights of free individuals.,0
27527,"And every fact checker and every reporter who's looked at it, Governor, has said this is not true.",1
9327,"Governor Romney, here's what we did.",0
2422,You've raised them by $1 trillion under Obamacare.,1
1741,I'll call it the economy tax.,0
2570,"Massachusetts, our schools are ranked number one of all 50 states.",1
2139,And she ended up living alone by choice.,0
2336,That's one of the unintended consequences of Dodd-Frank.,1
9214,And we would have lost a million jobs.,1
2208,And the president supports taking $716 billion out of that program.,1
10167,"Well, Candy, actually, in my state, the pro-gun folks and the anti-gun folks came together and put together a piece of legislation.",1
9416,I'm going to make sure --,0
2760,The secretary of defense has said these would be even devastating.,1
9284,"People grabbed my arms and said, ""Please save my job.""",0
27853,"This is not research, Mr President, these are the government investing in companies.",0
27259,"Number three, we're going to have to have training programs that work for our workers and schools that finally put the parents and the teachers and the kids first, and the teachers' unions going to have to go behind.",0
2607,"So all federal funds, instead of going to the -- to the state or to the school district, I'd have go, if you will, follow the child and let the parent and the child decide where to send their -- their -- their student.",0
9377,"And part of that is bringing in a pipeline of oil from Canada, taking advantage of the oil and coal we have here, drilling offshore in Alaska, drilling offshore in Virginia where the people want it.",0
2534,That's part of my health care plan.,1
10283,"And as far as currency manipulation, the currency has actually gone up 11 percent since I've been president because we have pushed them hard.",1
1874,Those are the businesses that employ one-quarter of all the workers in America.,1
2000,"If you wanted to make some adjustments to it, take it, go to Congress, fight for it.",0
9760,"We've created five million jobs, and gone from 800 jobs a month being lost, and we are making progress.",1
2634,It's how we're going to grow this economy over the long term.,0
27509,"And then the president began what I have called an apology tour, of going to various nations in the Middle East and criticizing America.",1
2102,"The second topic, which is you said you get a deduction for taking a plant overseas.",0
9881,"Now when the president ran for office, he said that he'd put in place, in his first year, a piece of legislation -- he'd file a bill in his first year that would reform our -- our immigration system, protect legal immigration, stop illegal immigration.",1
9570,This puts us on a road to Greece.,0
27404,"You mentioned the Navy, for example, and that we have fewer ships than we did in 1916.",1
27760,"It's not my term, it's the president's own Secretary of Defense, called them devastating.",1
27807,And we're organizing trade relations with countries other than China so that China starts feeling more pressure about meeting basic international standards.,1
27928,"I met a young woman in -- in Philadelphia who's coming out of -- out of college, can't find work.",1
10267,"Now, Governor Romney actually wants to expand those tax breaks.",1
9376,"I will fight to create more energy in this country, to get America energy secure.",0
27644,"We went because there were people who were responsible for 3,000 American deaths.",1
2717,And yet my faith and confidence in the American future is undiminished.,0
27124,"We should have taken a leading role, not militarily, but a leading role organizationally, governmentally to bring together the parties; to find responsible parties.",0
2392,"So we did work on this, alongside working on jobs, because this is part of making sure that middle-class families are secure in this country.",1
1941,And you could never quite get the job done.,0
2371,"Instead, it's gone up by that amount.",1
27430,I made that clear when I came into office.,1
10145,But let me mention another thing.,0
10155,"Which was a program under this administration, and how it worked exactly I think we don't know precisely, where thousands of automatic, and AK-47 type weapons were -- were given to people that ultimately gave them to -- to drug lords.",1
9313,"Oil production is up, natural gas production is up, and, most importantly, we're also starting to build cars that are more efficient.",1
27429,"But to the issue of Iran, as long as I'm president of the United States Iran will not get a nuclear weapon.",1
2625,"That makes a big difference, but that requires some federal support.",1
2429,"So for those reasons, for the tax, for Medicare, for this board, and for people losing their insurance, this is why the American people don't want Medicare -- don't want Obamacare.",1
27231,We've cut our oil imports to the lowest level in two decades because we've developed oil and natural gas.,1
9600,And this is one of the reasons why one of the first -- the first bill I signed was something called the Lily Ledbetter bill.,0
27789,And then we noticed that there was more than one with that same serial number.,0
9634,"We're still down 580,000 jobs.",1
10022,"So as soon as we found out that the Benghazi consulate was being overrun, I was on the phone with my national security team and I gave them three instructions.",0
9192,The president's policies have been exercised over the last four years and they haven't put Americans back to work.,1
9481,"And that means 98 percent of American families, 97 percent of small businesses, they will not see a tax increase.",1
2614,"You know, his -- his running mate, Congressman Ryan, put forward a budget that reflects many of the principles that Governor Romney's talked about.",1
1959,"Number two, I'll take programs that are currently good programs but I think could be run more efficiently at the state level and send them to the state.",0
27088,"But I believe -- we want to make sure that we have the relationships of friendship with the people that take his place, steps that in the years to come we see Syria as a -- as a friend, and Syria as a responsible party in the Middle East.",0
9974,You also have investments outside the United States.,1
1846,"But I have said that for incomes over $250,000 a year, that we should go back to the rates that we had when Bill Clinton was president, when we created 23 million new jobs, went from deficit to surplus, and created a whole lot of millionaires to boot.",1
9389,I'm all for oil production.,0
9871,"People around the world with accredited degrees in science and math get a green card stapled to their diploma, come to the U.S. of A.",1
1791,"But I'm going to make an important point here, Jim.",0
9773,"When they said, ""We're going to cut Planned Parenthood funding.""",0
9897,"Number two, we do have to deal with our border so we put more border patrol on the -- any time in history and the flow of undocumented works across the border is actually lower than it's been in 40 years.",1
1692,"Not the one we've been on, not the one the president describes as a top-down, cut taxes for the rich.",0
2368,"And, unfortunately, when -- when -- when you look at Obamacare, the Congressional Budget Office has said it will cost $2,500 a year more than traditional insurance.",1
10160,"Which I think the American people would like to understand fully, it's been investigated to a degree, but -- but the administration has carried out executive privilege to prevent all of the information from coming out.",1
1731,I don't have a tax cut of a scale that you're talking about.,1
10171,What we have right now in Washington is a place that's gridlocked.,0
10256,My priority is making sure that we get more people hired.,0
27255,The opportunities for us in Latin America we have just not taken advantage of fully.,0
27266,Two-thirds of our jobs come from small businesses.,1
1793,"When you add up all the loopholes and deductions that upper-income individuals can -- are currently taking advantage of, you take those all away, you don't come close to paying for $5 trillion in tax cuts and $2 trillion in additional military spending.",1
27206,You can't have an economy that over the last three years keeps slowing down its growth rate.,0
2406,"... the irony is that we've seen this model work really well in Massachusetts, because Governor Romney did a good thing, working with Democrats in the state to set up what is essentially the identical model and as a consequence people are covered there.",1
27099,"We are mobilizing humanitarian support, and support for the opposition.",1
27454,You're seeing it right now in the economy.,1
2158,"And that is, in fact, I was wrong when I said the president isn't proposing any changes for current retirees.",0
9166,"Not just to you, but to the entire nation.",0
27683,They're going to come rushing back in to Afghanistan when we go.,0
9311,"Same thing with oil, same thing with natural gas.",1
27431,"We then organized the strongest coalition and the strongest sanctions against Iran in history, and it is crippling their economy.",1
9222,You can make a lot of money and pay lower tax rates than somebody who makes a lot less.,1
10243,But let me -- let me not just stop there.,0
9179,"Number three, we've got to control our own energy.",0
2525,"Make up a number, $25,000, $50,000.",0
27222,America remains the one indispensable nation.,0
27673,And I -- I don't blame the administration for the fact that the relationship with Pakistan is strained.,1
27297,We have every two years tests that look at how well our kids are doing.,0
9308,And now suddenly you're a big champion of coal.,0
9894,"The first thing we did was to streamline the legal immigration system, to reduce the backlog, make it easier, simpler and cheaper for people who are waiting in line, obeying the law to make sure that they can come here and contribute to our country and that's good for our economic growth.",1
10241,"On day one, I will label China a currency manipulator, which will allow me as president to be able to put in place, if necessary, tariffs where I believe that they are taking unfair advantage of our manufacturers.",0
27984,"I'm going to make sure that we get people off of food stamps, not by cutting the program, but by getting them good jobs.",0
10276,"And we are on pace to double our exports, one of the commitments I made when I was president.",1
9456,"If you're getting interest from a bank, if you're getting a statement from a mutual fund or any other kind of investment you have, you don't have to worry about filing taxes on that, because there'll be no taxes for anybody making $200,000.00 per year and less, on your interest, dividends and capital gains.",1
26990,"I'm not going to wear rose-colored glasses when it comes to Russia, or Mr. Putin.",0
26933,"Keep in mind that I and Americans took leadership in organizing an international coalition that made sure that we were able to, without putting troops on the ground at the cost of less than what we spent in two weeks in Iraq, liberate a country that had been under the yoke of dictatorship for 40 years.",1
2191,"The problem is that because the voucher wouldn't necessarily keep up with health care inflation, it was estimated that this would cost the average senior about $6,000 a year.",1
9641,"An economy with 50 percent of kids graduating from college that can't finds a job, or a college level job, that's not what we have to have.",1
1938,The presidents would -- president would prefer raising taxes.,0
9225,That's exactly the philosophy that we've seen in place for the last decade.,1
27625,The surge has been successful and the training program is proceeding apace.,1
27654,And what we've said is let's change those certifications.,0
9725,And the plans that I talked about will create even more.,0
27674,We -- we had to go into Pakistan.,0
27518,They must not develop nuclear capability.,0
2531,"And with regards to health care, you had remarkable details with regards to my pre-existing condition plan.",1
9697,"Number two, trade -- I'll crack down on China, President Bush didn't.",1
2044,Spain -- Spain spends 42 percent of their total economy on government.,1
9736,"You know, there are some things where Governor Romney is different from George Bush.",0
27653,"When he came home and he wanted to become a nurse, he had to start from scratch.",0
27633,They also have the Haqqani Network and the Taliban existent within their country.,1
2682,"We -- as president, I will sit on day one -- actually, the day after I get elected -- I'll sit down with leaders -- the Democratic leaders, as well as Republican leaders, and continue -- as we did in my state -- we met every Monday for a couple hours, talked about the issues and the challenges in the -- in the -- in our state in that case.",0
2685,And we face -- this deficit could crush the future generations.,0
27691,We're also going to have to have a farm more effective and comprehensive strategy to help move the world away from terror and Islamic extremism.,1
9246,But what I've also said is we can't just produce traditional source of energy.,0
27306,But that was 10 years before you took office.,1
2013,That doesn't get the job done.,0
10136,"Yeah, I'm not in favor of new pieces of legislation on -- on guns and taking guns away or making certain guns illegal.",0
9939,"Now, let me mention one other thing, and that is self-deportation says let people make their own choice.",0
9575,Because I'm offsetting some of the reductions with holding down some of the deductions.,0
2393,And let me tell you exactly what Obamacare did.,0
9209,That was precisely what I recommended and ultimately what happened.,1
27288,"That is not good for America's position in the world, and the world notices.",0
9499,And that's exactly the kind of top-down economics that is not going to work if we want a strong middle class and an economy that's striving for everybody.,0
9494,I think that grows the economy.,0
9740,"George Bush never suggested that we eliminate funding for Planned Parenthood, so there are differences between Governor Romney and George Bush, but they're not on economic policy.",1
2161,"But on Medicare, for current retirees, he's cutting $716 billion from the program.",1
2746,We've had 43 straight months with unemployment above 8 percent.,1
1704,"Now, I'm concerned that the path that we're on has just been unsuccessful.",0
2196,And then what you've got is folks like my grandmother at the mercy of the private insurance system precisely at the time when they are most in need of decent health care.,0
27230,Doing everything we can to control our own energy.,0
27190,And that's because we've become weaker in each of those four...,0
10202,"When Governor Romney was asked whether teachers, hiring more teachers was important to growing our economy, Governor Romney said that doesn't grow our economy.",1
27154,"And so one of the things that we've been doing is, is, for example, organizing entrepreneurship conferences with these Egyptians to give them a sense of how they can start rebuilding their economy in a way that's noncorrupt, that's transparent.",1
10219,The place where we've seen manufacturing go has been China.,1
10350,"I was able also to get our schools ranked number one in the nation, so 100 percent of our kids would have a bright opportunity for a future.",1
10376,And -- and that is part of what's at stake in this election.,0
10184,"And, Candy, we haven't had a chance to talk about education much, but I think it is very important to understand that the reforms we've put in place, working with 46 governors around the country, are seeing schools that are some of the ones that are the toughest for kids starting to succeed.",0
2035,"Now, Governor Romney has ruled out revenue.",1
27888,"Governor Romney, you keep on trying to, you know airbrush history here.",0
27499,We're not going to allow Iran to perpetually engage in negotiations that lead nowhere.,0
2488,The private market and individual responsibility always work best.,1
27252,Trade grows about 12 percent year.,1
27212,"In the 2000 debates, there was no mention of terrorism, for instance.",1
27442,"The disagreement I have with Governor Romney is that, during the course of this campaign, he's often talked as if we should take premature military action.",1
1765,"Mr. President, all of the increase in natural gas and oil has happened on private land, not on government land.",1
10249,We have to be competitive if we're going to create more jobs here.,0
1788,"Now, Governor Romney's proposal that he has been promoting for 18 months calls for a $5 trillion tax cut, on top of $2 trillion of additional spending for our military.",1
10373,I believe in self-reliance and individual initiative and risk takers being rewarded.,0
10133,Part of it is seeing if we can get automatic weapons that kill folks in amazing numbers out of the hands of criminals and the mentally ill.,0
10381,Folks on Social Security who've worked all their lives.,0
9392,"When you've got thousands of people right now in Iowa, right now in Colorado, who are working, creating wind power with good-paying manufacturing jobs, and the Republican senator in that -- in Iowa is all for it, providing tax breaks (ph) to help this work and Governor Romney says I'm opposed.",1
2288,"No, it can become out of date.",0
2114,So -- so let's state -- one of the magnificent things about this country is the whole idea that states are the laboratories of democracy.,0
27752,"Now, they look at us and say, Is it a good idea to be with America?",0
9440,"Health insurance premiums, up $2,500.",1
2527,And then that number disappears for high-income people.,1
9867,I want it to be streamlined.,0
27014,This was just a few weeks ago that you indicated that we should still have troops in Iraq.,1
2648,"And these businesses, many of them have gone out of business, I think about half of them, of the ones have been invested in have gone out of business.",1
27225,It also allowed us to refocus on alliances and relationships that had been neglected for a decade.,0
27401,The budget that we are talking about is not reducing our military spending.,1
1783,"We cut taxes for middle-class families by about $3,600.",1
27548,We have freed other nations from dictators.,1
2738,"And there really are two very different paths that we began speaking about this evening, and over the course of this month we're going to have two more presidential debates and a vice presidential debate.",0
2398,They can't impose arbitrary lifetime limits.,1
2549,"But I also believe that government has the capacity, the federal government has the capacity to help open up opportunity and create ladders of opportunity and to create frameworks where the American people can succeed.",0
27631,"But Pakistan is important to the region, to the world and to us, because Pakistan has 100 nuclear warheads and they're rushing to build a lot more.",1
26939,But my strategy is broader than that.,0
27595,"When it comes to going after Osama bin Laden, you said, well, any president would make that call.",1
27011,The answer was we got...,0
1671,"I think it's important for us to develop new sources of energy here in America, that we change our tax code to make sure that we're helping small businesses and companies that are investing here in the United States, that we take some of the money that we're saving as we wind down two wars to rebuild America and that we reduce our deficit in a balanced way that allows us to make these critical investments.",0
27495,"But over time, what they can do is regain credibility.",0
27364,We need to be talking about space.,0
9961,Any investments I have over the last eight years have been managed by a blind trust.,0
27485,And it turns out that the work involved in setting up these crippling sanctions is painstaking.,0
9310,"With respect to something like coal, we made the largest investment in clean coal technology, to make sure that even as we're producing more coal, we're producing it cleaner and smarter.",1
9493,I think what grows the economy is when you get that tax credit that we put in place for your kids going to college.,0
2755,You'll have 4 million people who will lose Medicare Advantage.,1
9143,"And what's happened over the last four years has been very, very hard for America's young people.",0
9893,So what I've said is we need to fix a broken immigration system and I've done everything that I can on my own and sought cooperation from Congress to make sure that we fix the system.,1
2015,Why don't I want to raise taxes on people?,0
27366,It's not driven by politics.,1
2381,"I just don't know how the president could have come into office, facing 23 million people out of work, rising unemployment, an economic crisis at the -- at the kitchen table, and spend his energy and passion for two years fighting for Obamacare instead of fighting for jobs for the American people.",1
9640,An economy that has 23 million people looking for work is not a strong economy.,1
2067,"And so if we take a balanced approach, what that then allows us to do is also to help young people, the way we already have during my administration, make sure that they can afford to go to college.",0
27910,That will not help us compete with China.,1
10282,That's what reporters called it.,0
1982,"Let -- let me just finish their point, because you're looking for contrast.",0
27249,"Number one, we are going to have North American energy independence.",0
1840,"And the fact is that if you are lowering the rates the way you described, Governor, then it is not possible to come up with enough deductions and loopholes that only affect high-income individuals to avoid either raising the deficit or burdening the middle class.",1
10269,"But, of course, if you're a small business or a mom-and-pop business or a big business starting up here, you've got to pay even the reduced rate that Governor Romney's talking about.",1
2096,"But, you know, if we get that tax rate from 35 percent down to 25 percent, why that $2.8 billion is on the table.",0
2293,"One is it designates a number of banks as too big to fail, and they're effectively guaranteed by the federal government.",1
10375,That's how we built the world's greatest middle class.,0
27153,They want to make sure that they have a roof over their heads and that they have the prospects of a better life in the future.,0
2070,They're using text books that are 10 years old.,1
9177,"Number two, we've got to make sure that we have the best education system in the world.",0
27800,"Now that's estimated to create 800,000 jobs, the problem is they won't be here, they'll be in places like China.",1
2649,A number of them happened to be owned by people who were contributors to your campaigns.,1
10333,"Thank you, and that's an opportunity for me, and I appreciate it.",0
27640,"We ended the war in Iraq, refocused our attention on Afghanistan, and we did deliver a surge of troops.",0
27298,Fourth graders and eighth graders are tested in English and math.,0
2202,They're now going to have to be paying copays for basic checkups that can keep them healthier.,1
27798,"If we had taken your advice Governor Romney about our auto industry, we'd be buying cars from China instead of selling cars to China.",0
2200,Benefits were not affected at all.,1
2510,And the choices we've made have been ones that ultimately are benefiting middle-class families all across the country.,1
9618,"And I -- and I went to my staff, and I said, ""How come all the people for these jobs are -- are all men.""",0
1851,"But under Governor Romney's definition, there are a whole bunch of millionaires and billionaires who are small businesses.",1
27543,"And by the way, you skipped Israel, our closest friend in the region, but you went to the other nations.",1
2279,You couldn't have people opening up banks in their -- in their garage and making loans.,0
9447,"'Cause I'm going to bring rates down across the board for everybody, but I'm going to limit deductions and exemptions and credits, particularly for people at the high end, because I am not going to have people at the high end pay less than they're paying now.",0
27624,We've seen progress over the past several years.,1
2248,Is that a -- is that a separate topic?,0
2099,"But don't forget, you put $90 billion, like 50 years' worth of breaks, into -- into solar and wind, to Solyndra and Fisker and Tester and Ener1.",1
27777,"Well, they sell us about this much stuff every year, and we sell them about this much stuff every year.",0
9373,"Now, it's $4.00 a gallon.",1
10201,This is part of the choice in this election.,0
27911,"Bringing down our deficit by adding $7 trillion of tax cuts and military spending that our military is not asking for, before we even get to the debt that we currently have, that is not going to make us more competitive.",1
1966,The president's put it in place as much public debt -- almost as much debt held by the public as al prior presidents combined.,1
27171,But for us to be able to promote those principles of peace requires us to be strong.,0
2754,If the president were to be reelected you're going to see a $716 billion cut to Medicare.,1
27956,And we're retaining our workers for the jobs of tomorrow.,1
9963,"Mr. President, have you looked at your pension?",0
10140,And there are a number of things.,0
2303,You have to have regulation.,0
27434,So their economy is in a shambles.,1
27758,The secretary of defense called these trillion dollars of cuts to our military devastating.,1
10129,"Because frankly, in my home town of Chicago, there's an awful lot of violence and they're not using AK-47s.",0
9243,We have increased oil production to the highest levels in 16 years.,1
2012,"You found $4 trillion of ways to reduce or to get closer to a balanced budget, except we still show trillion-dollar deficits every year.",1
9646,"He said, ""I'll get back to you.""",0
1904,Let me just make this comment.,0
2660,Massachusetts schools are ranked number one in the nation.,1
2172,That's $1 -- that's $1 for every $15 you've cut.,1
27814,I was born in Detroit.,0
27450,"It is also essential for us to understand what our mission is in Iran, and that is to dissuade Iran from having a nuclear weapon through peaceful and diplomatic means.",1
26999,"I'm sorry, you actually -- there was a -- there was an effort on the part of the president to have a status of forces agreement, and I concurred in that, and said that we should have some number of troops that stayed on.",1
2438,"In fact, it was a Republican idea.",1
10187,"And in fact, employers are looking for skilled workers.",0
2656,I wanted to make it more effective and efficient.,0
10044,We -- we think of their families and care for them deeply.,0
9254,We continue to make it a priority for us to go after natural gas.,1
2055,The oil industry gets $4 billion a year in corporate welfare.,1
27682,"Because inside Pakistan, you have a -- a large group of Pashtun that are -- that are Taliban.",0
10278,"That's why we've kept on pushing trade deals, but trade deals that make sure that American workers and American businesses are getting a good deal.",0
27381,I'm going to be able to balance the budget.,0
27987,I learned how to get along on the other side of the aisle.,0
27918,"The policies of the last four years have seen incomes in America decline every year for middle income families, now down $4,300 during your term.",1
27521,Our diplomatic isolation needs to be tougher.,0
10153,"So we can make changes in the way our culture works to help bring people away from violence and give them opportunity, and bring them in the American system.",0
9812,"It's gone up by $2,500 a year.",1
27392,We've changed for the first time since FDR -- since FDR we had the -- we've always had the strategy of saying we could fight in two conflicts at once.,1
27302,How did we do that?,0
27187,"But unfortunately, in nowhere in the world is America's influence will grow.",0
1824,"I saw a study that came out today that said you're going to raise taxes by $3,000 to $4,000 on middle-income families.",0
2344,"And so Dodd-Frank correctly says we need to have qualified mortgages, and if you give a mortgage that's not qualified, there are big penalties, except they didn't ever go on and define what a qualified mortgage was.",1
2159,In fact he is on Medicare.,1
1931,"I think it's, frankly, not moral for my generation to keep spending massively more than we take in, knowing those burdens are going to be passed on to the next generation and they're going to be paying the interest and the principal all their lives.",0
1887,"Jim, I -- you may want to move onto another topic, but I -- I would just say this to the American people.",0
2169,I can't understand how you can cut Medicare $716 billion for current recipients of Medicare.,1
26930,"Now with respect to Libya, as I indicated in the last debate, when we received that phone call, I immediately made sure that, number one, that we did everything we could to secure those Americans who were still in harm's way; number two, that we would investigate exactly what happened, and number three, most importantly, that we would go after those who killed Americans and we would bring them to justice.",1
1948,"I use that term with all respect, by the way.",0
26992,"After the election, he'll get more backbone.",0
9883,"He had a Democrat House, a Democrat Senate, super majority in both Houses.",1
27343,"States like Arizona, Rhode Island have taken these -- these Medicaid dollars; have shown they can run these programs more cost-effectively.",1
10224,That's total over the last four years.,1
2560,"And as a consequence, you had 46 states around the country who have made a real difference.",1
27715,"The truth, though, is that Al Qaeda is much weaker than it was when I came into office.",1
9540,"Now, what he says is he's going to make sure that this doesn't add to the deficit and he's going to cut middleclass taxes.",0
9862,"But first of all, this is a nation of immigrants.",0
27334,"By the way, number one I get rid of is Obamacare.",0
9888,I mean we're just a few miles away from Ellis Island.,0
27790,"They were counterfeit products being made overseas with the same serial number as a U.S. company, the same packaging, these were being sold into our market and around the world as if they were made by the U.S. competitor.",1
1739,"Middle- income Americans have seen their income come down by $4,300.",1
2365,"I met a couple in Appleton, Wisconsin, and they said, we're thinking of dropping our insurance, we can't afford it.",0
1960,"Number three, I'll make government more efficient and to cut back the number of employees, combine some agencies and departments.",0
27125,"As you hear from intelligence sources even today, the -- the insurgents are highly disparate.",0
27665,"No, it's not time to divorce a nation on Earth that has 100 nuclear weapons and is on the way to double that at some point, a nation that has serious threats from terrorist groups within its nation, as I indicated before, the Taliban, Haqqani Network.",1
27057,"What we've done is organize the international community, saying Assad has to go.",1
9375,"If the president's energy policies are working, you're going to see the cost of energy come down.",1
9261,"Because China, Germany, they're making these investments.",1
1911,"So you may keep referring to it as a $5 trillion tax cut, but that's not my plan.",1
27764,"I've watched year in and year out as companies have shut down and people have lost their jobs because China has not played by the same rules, in part by holding down artificially the value of their currency.",1
1798,"And -- and that kind of top -- top-down economics, where folks at the top are doing well, so the average person making $3 million is getting a $250,000 tax break, while middle-class families are burdened further, that's not what I believe is a recipe for economic growth.",1
2072,That's not how America was built.,0
1718,"On energy, Governor Romney and I, we both agree that we've got to boost American energy production, and oil and natural gas production are higher than they've been in years.",1
27601,"And the last conversation she had with her father was him calling from the twin towers, saying ""Peyton (ph), I love you and I will always watch over you.""",0
10390,"Bill and that allowed him to go to college, that wasn't a handout.",0
27452,"I laid out seven steps, crippling sanctions were number one.",0
9385,"So, it's conceivable that Governor Romney could bring down gas prices because with his policies, we might be back in that same mess.",0
10386,And I want to fight for them.,0
9543,The -- the fact that he only has to pay 14 percent on his taxes when a lot of you are paying much higher.,1
2045,We're now spending 42 percent of our economy on government.,1
1832,"For me, this is about jobs.",0
27531,"And with respect to our attitude about the Iranian revolution, I was very clear about the murderous activities that had taken place and that was contrary to international law and everything that civilized people stand for.",1
9635,"I mentioned 31/2 million women, more now in poverty than four years ago.",1
9611,"And as a consequence, we've seen millions of young people be able to afford college, and that's going to make sure that young women are going to be able to compete in that marketplace.",1
9917,"And I said, let's fix this system.",0
10258,The reason incomes are down is because unemployment is so high.,1
27602,"And for the next decade, she was haunted by that conversation.",0
2397,But it does say insurance companies can't jerk you around.,0
9534,"Look, the cost of lowering rates for everybody across the board, 20 percent.",1
2221,I'd rather be able to have an insurance company.,0
26907,"This is obviously an area of great concern to the entire world, and to America in particular, which is to see a -- a complete change in the -- the structure and the -- the environment in the Middle East.",0
27344,I want to do those two things and get this -- get this to a balanced budget with eight -- eight to 10 years.,0
9489,"He was on 60 Minutes just two weeks ago and he was asked: Is it fair for somebody like you, making $20 million a year, to pay a lower tax rate than a nurse or a bus driver, somebody making $50,000 year?",0
9545,We haven't heard from the governor any specifics beyond Big Bird and eliminating funding for Planned Parenthood in terms of how he pays for that.,0
9632,"In the -- in the last women have lost 580,000 jobs.",1
2483,"In order to bring the cost of health care down, we don't need to have a board of 15 people telling us what kinds of treatments we should have.",0
2493,"What your plan does is to duplicate what's already the law, which says if you are out of health insurance for three months, then you can end up getting continuous coverage and an insurance company can't deny you if you've -- if it's been under 90 days.",1
9907,"His main strategy during the Republican primary was to say, ""We're going to encourage self-deportation.""",1
9316,"That's the strategy you need, an all-of-the-above strategy, and that's what we're going to do in the next four years.",0
1839,"And now, five weeks before the election, he's saying that his big, bold idea is, ""Never mind.""",0
2296,There've been 122 community and small banks have closed since Dodd- Frank.,1
2561,"But what I've also said is let's hire another 100,000 math and science teachers to make sure we maintain our technological lead and our people are skilled and able to succeed.",1
2536,And I said that at that time.,0
9202,My plan was to have the company go through bankruptcy like 7-Eleven did and Macy's and Condell (ph) Airlines and come out stronger.,1
1701,"Number four, get to us a balanced budget.",0
2166,Some 15 percent of hospitals and nursing homes say they won't take anymore Medicare patients under that scenario.,1
27528,"And when it comes to tightening sanctions, look, as I said before, we've put in the toughest, most crippling sanctions ever.",1
27330,I'd be happy to have you take a look.,0
10143,We were able to drive our schools to be number one in the nation in my state.,1
27574,"Let's come back to what the president was speaking about, which is what's happening in the world and the president's statement that things are going so well.",0
9877,What I will do is I'll put in place an employment verification system and make sure that employers that hire people who have come here illegally are sanctioned for doing so.,0
9811,"He said that by now middle-income families would have a reduction in their health insurance premiums by $2,500 a year.",1
9766,"Making sure that we are controlling our own energy, but not only the energy of today, but also the energy of the future.",0
27264,"And finally, number five, we've got to champion small business.",0
2417,"As a matter of fact, when Massachusetts did something quite extraordinary -- elected a Republican senator to stop Obamacare, you pushed it through anyway.",1
9184,"And let's take the money that we've been spending on war over the last decade to rebuild America, roads, bridges schools.",0
2537,"The federal government taking over health care for the entire nation and whisking aside the 10th Amendment, which gives states the rights for these kinds of things, is not the course for America to have a stronger, more vibrant economy.",1
2352,"I will make sure we don't hurt the functioning of our -- of our marketplace and our business, because I want to bring back housing and get good jobs.",0
9480,"So what I've said is, your first $250,000.00 worth of income, no change.",1
27435,"And the reason we did this is because a nuclear Iran is a threat to our national security, and it is a threat to Israel's national security.",0
27747,"They don't want to see the world break out into -- into various forms of chaos, because they have to -- they have to manufacture goods and put people to work and they have about 20,000 -- 20 million, rather, people coming out of the farms every year coming into the cities, needing jobs.",1
1762,"Energy is critical, and the president pointed out correctly that production of oil and gas in the U.S. is up.",1
26957,"But next door, of course, we have Egypt.",0
9259,"So he's got the oil and gas part, but he doesn't have the clean energy part.",0
2428,"And likewise, a study by McKinsey and Company of American businesses said 30 percent of them are anticipating dropping people from coverage.",1
10274,That's not the way we're going to create jobs here.,0
27433,Their oil production has plunged to the lowest level since they were fighting a war with Iraq 20 years ago.,1
9940,"What I was saying is, we're not going to round up 12 million people, undocumented illegals, and take them out of the nation.",0
27035,You just gave a speech a few weeks ago in which you said we should still have troops in Iraq.,1
26914,"We have in -- in Egypt, a Muslim Brotherhood president.",1
9999,And it's time for them to get serious on it.,0
9196,We have not made the progress we need to make to put people back to work.,0
9465,I will not let that happen.,0
27179,Our military is second to none in the world.,1
27549,"Bob, let me -- let me respond.",0
27809,That's the kind of leadership that we'll continue to show.,0
2061,"When it comes to corporate taxes, Governor Romney has said he wants to, in a revenue neutral way, close loopholes, deductions -- he hasn't identified which ones they are -- but that thereby bring down the corporate rate.",1
9197,That's why I put out a five-point plan that gets America 12 million new jobs in four years and rising take-home pay.,1
27539,We're four years closer to a nuclear Iran.,1
9538,He also wants to continue the Bush tax cuts for the wealthiest Americans.,1
2643,"But you make a very good point, which is that the place you put your money just makes a pretty clear indication of where your heart is.",0
2051,"If -- if we're serious, we've got to take a balanced, responsible approach.",0
10161,"I'd like to understand who it was that did this, what the idea was behind it, why it led to the violence, thousands of guns going to Mexican drug lords.",1
27537,That's in America's national interest and that will be the case so long as I'm president.,1
9829,"Yeah, in the Reagan recession where unemployment hit 10.8 percent, between that period -- the end of that recession and the equivalent of time to today, Ronald Reagan's recovery created twice as many jobs as this president's recovery.",1
10190,"As I said, we have made sure that millions of young people are able to get an education that they weren't able to get before.",1
2680,We cut taxes 19 times.,1
27463,I would tighten those sanctions further.,0
2240,And that's why they were supportive of the approach that we took.,0
2616,This seems to be a trend.,0
2073,And so budgets reflect choices.,0
9550,You're going to be paying for it.,0
2145,"So my approach is to say, how do we strengthen the system over the long term?",0
27980,The president's path will mean continuing declining in take-home pay.,1
10218,"Boy, great question and important question, because you're absolutely right.",0
9753,"But four years ago, I told the American people and I told you I would cut taxes for middle class families.",1
10380,"But I also believe that when he said behind closed doors that 47 percent of the country considered themselves victims who refuse personal responsibility, think about who he was talking about.",1
27176,This -- we have weakened our economy.,1
2430,"It's why Republicans said, do not do this, and the Republicans had -- had the plan.",0
9343,And we are now reletting them so that we can actually make a profit.,1
26922,"This is a group that is now involved in 10 or 12 countries, and it presents an enormous threat to our friends, to the world, to America, long term, and we must have a comprehensive strategy to help reject this kind of extremism.",1
27761,"They look at America's commitments around the world and they see what's happening, and they say, well, OK. Is America going to be strong?",0
9701,"Number three, I'm going to get us to a balanced budget.",0
9269,"As a matter of fact, oil production is down 14 percent this year on federal land, and gas production was down 9 percent.",1
1990,And -- and that is not a right strategy for us to move forward.,0
27396,"That, in my view, is making -- is making our future less certain and less secure.",0
9583,"And I just described -- I just described to you, Mr. President -- I just described to you precisely how I'd do it which is with a single number that people can put -- and they can put they're -- they're deductions and credits...",0
27281,And those teachers can make a difference.,0
27058,We've mobilized sanctions against that government.,1
27479,"Because they have the opportunity to reenter the community of nations, and we would welcome that.",0
9993,"Now, we've got to make sure that we do it in a smart way and a comprehensive way, and we make the legal system better.",0
9833,He's great as a -- as a -- as a speaker and describing his plans and his vision.,0
2317,You had people who were borrowing money to buy a house that they couldn't afford.,0
9767,"All of those things will make a difference, so the point is the commitments I've made, I've kept.",1
27292,"Well -- well, I need to speak a moment...",0
10137,"We, of course, don't want to have automatic weapons, and that's already illegal in this country to have automatic weapons.",0
27540,And -- and -- we should not have wasted these four years to the extent they -- they continue to be able to spin these centrifuges and get that much closer.,0
2243,... but -- but -- but overall.,0
27367,"It's not driven by members of Congress, and what they would like to see.",0
10084,I want to make sure we get that for the record because it took the president 14 days before he called the attack in Benghazi an act of terror.,1
27201,We want to end those conflicts to the extent humanly possible.,0
9703,"President Obama was right, he said that that was outrageous to have deficits as high as half a trillion dollars under the Bush years.",1
27710,In Libya we stood on the side of the people.,0
9384,"Because the economy was on the verge of collapse, because we were about to go through the worst recession since the Great Depression, as a consequence of some of the same policies that Governor Romney's now promoting.",1
27386,The Navy said they needed 313 ships to carry out their mission.,1
1673,Are we going to double on top-down economic policies that helped to get us into this mess or do we embrace a new economic patriotism that says America does best when the middle class does best?,0
9348,Production on government land of oil is down 14 percent.,1
2698,That's how we signed three trade deals into law that are helping us to double our exports and sell more American products around the world.,1
2347,"So banks are reluctant to make loans, mortgages.",1
27358,"But, what you can't do is spend $2 trillion in additional military spending that the military is not asking for, $5 trillion on tax cuts.",1
1879,"He said he and his son calculated how much they pay in taxes, federal income tax, federal payroll tax, state income tax, state sales tax, state property tax, gasoline tax.",0
9277,20 or 25 birds were killed and brought out a migratory bird act to go after them on a criminal basis.,1
27087,I believe he will go.,0
10255,And there's no question but that Obamacare has been an extraordinary deterrent to enterprises of all kinds hiring people.,0
9244,Natural gas production is the highest it's been in decades.,1
9819,"There are more people in poverty, one out of six people in poverty.",1
10379,"Loves his family, cares about his faith.",0
2739,We're talk about those two paths.,0
27568,This is the kind of thing that would have been discussed and thoroughly evaluated well before that kind of --,0
27751,"We can work with them, we can collaborate with them, if they're willing to be responsible.",0
27978,The president's path will mean continuing declining in take-home pay.,1
2007,We still have trillion-dollar deficits.,1
27750,"We don't have to be an adversary in any way, shape or form.",0
2199,"AARP thinks that the -- the savings that we obtained from Medicare bolster the system, lengthen the Medicare trust fund by eight years.",1
2628,"So there was no risk for the banks or the lenders, but they were taking billions out of the system.",1
10151,"Because if there's a two parent family, the prospect of living in poverty goes down dramatically.",1
10048,It was a terrorist attack and it took a long time for that to be told to the American people.,1
27828,You can take a look at the op-ed...,0
27685,But it's important for us to recognize that we can't just walk away from Pakistan.,0
2500,"But when -- when Governor Romney says that he'll replace it with something, but can't detail how it will be in fact replaced and the reason he set up the system he did in Massachusetts was because there isn't a better way of dealing with the preexisting conditions problem.",1
27065,And I am confident that Assad's days are numbered.,0
10223,A half a million manufacturing jobs have been lost in the last four years.,1
9845,This is for Governor Romney?,0
27301,First time one state had been number one in all four measures.,1
9699,It's been growing about 12 percent per year over a long period of time.,1
9549,"Or, alternatively, it's got to be paid for, not only by closing deductions for wealthy individuals, that -- that will pay for about 4 percent reduction in tax rates.",0
2435,And we have to have a president who can reach across the aisle and fashion important legislation with the input from both parties.,0
2641,I'm planning on (inaudible) to grow.,0
2001,"That's what we've done, made some adjustments to it, and we're putting it forward before Congress right now, a $4 trillion plan...",1
10280,"In the private sector, Governor Romney's company invested in what were called pioneers of outsourcing.",1
27116,"As I indicated, our objectives are to replace Assad and to have in place a new government which is friendly to us, a responsible government, if possible.",1
27316,You got that fact wrong.,1
2058,Why wouldn't we want to eliminate that?,0
27169,We didn't ask for it.,0
9818,"The unemployment, the number of people who are still looking for work, is still 23 million Americans.",1
27948,"You've now heard three debates, months of campaigning and way too many TV commercials.",0
27538,We're four years closer to a nuclear Iran.,1
10270,"And it's estimated that that will create 800,000 new jobs.",1
27078,"And so the right course for us, is working through our partners and with our own resources, to identify responsible parties within Syria, organize them, bring them together in a -- in a form of -- if not government, a form of -- of -- of council that can take the lead in Syria.",0
27802,"Now with respect to what we've done with China already, U.S. exports have doubled since I came into office, to China and actually currencies are at their most advantageous point for U.S. exporters since 1993.",1
2454,So we're already beginning to see progress.,1
2458,"But the problem is, he hasn't described what exactly we'd replace it with, other than saying we're going to leave it to the states.",1
1697,"Number two, open up more trade, particularly in Latin America.",0
2617,"But -- but what it did do is to -- if you extrapolated how much money we're talking about, you'd look at cutting the education budget by up to 20 percent.",1
27263,And I'll get us on track to a balanced budget.,0
27712,But there are always going to be elements in these countries that potentially threaten the United States.,0
9356,"I was just at a coal facility, where some 1,200 people lost their jobs.",1
9591,"Well, Katherine, that's a great question.",0
9563,"When we're talking about math that doesn't add up, how about $4 trillion of deficits over the last four years, $5 trillion?",1
10235,"Because if they put their currency down low, that means their prices on their goods are low.",1
26988,Russia does continue to battle us in the U.N. time and time again.,1
9190,Well what you're seeing in this country is 23 million people struggling to find a job.,1
27365,"That's exactly what our budget does, but it's driven by strategy.",0
9286,"You'll virtually -- it's virtually impossible given our regulations.""",0
9479,"But what I've also said is, if we're serious about reducing the deficit, if this is genuinely a moral obligation to the next generation, then in addition to some tough spending cuts, we've also got to make sure that the wealthy do a little bit more.",0
10315,That's why we've got to make sure that we've got the best science and research in the world.,0
2100,"I mean, I had a friend who said you don't just pick the winners and losers, you pick the losers, all right?",0
27811,But the president mentioned the auto industry and that somehow I would be in favor of jobs being elsewhere.,1
9706,So that's the next area I'm different than President Bush.,0
2516,What I do is the same way that Tip O'Neill and Ronald Reagan worked together some years ago.,0
2722,"All those things are designed to make sure that the American people, their genius, their grit, their determination, is -- is channeled and -- and they have an opportunity to succeed.",0
27925,We're 9 million jobs short of that.,1
9475,"Actually it was a town hall, and I said I would cut taxes for middle- class families, and that's what I've done, by $3,600.00.",1
27887,"The -- look, I think anybody out there can check the record.",0
10252,I talk to small businesses across the country.,0
27308,And then you cut education spending when you came into office.,1
9776,"First thing I'm going to do,"" despite the fact that it's the same health care plan that he passed in Massachusetts and is working well.",1
27981,I want to make sure take-home pay turns around and starts to grow.,0
10057,"Look what's happening in Syria, in Egypt, now in Libya.",0
9144,I want you to be able to get a job.,0
27352,He then wants to spend another $2 trillion on military spending that our military is not asking for.,1
2507,Is it -- is it because that somehow middle-class families are going to benefit too much from them?,0
27924,You said by now we'd be at 5.4 percent unemployment.,1
2119,"But -- but the right -- the right approach is one which relies on the brilliance of our people and states, not the federal government.",0
2440,"And I agree that the Democratic legislators in Massachusetts might have given some advice to Republicans in Congress about how to cooperate, but the fact of the matter is, we used the same advisers, and they say it's the same plan.",1
27514,"All of these things suggested, I think, to the Iranian mullahs that, hey, you know, we can keep on pushing along here, we can keep talks going on, we're just going to keep on spinning centrifuges.",0
27247,We're 9 million jobs short of that.,1
9638,"It's what I look forward to doing and I know what it takes to make an economy work, and I know what a working economy looks like.",0
2552,"So, in the middle of the Civil War, Abraham Lincoln said, let's help to finance the Transcontinental Railroad, let's start the National Academy of Sciences, let's start land grant colleges, because we want to give these gateways of opportunity for all Americans, because if all Americans are getting opportunity, we're all going to be better off.",1
27041,"Number four, we do have to develop their economic -- their economic capabilities.",0
9878,I won't put in place magnets for people coming here illegally.,0
2424,"Of course, we don't have Medicare, but we didn't cut Medicare by $716 billion.",1
27084,They're willing to work with us.,1
2105,I maybe need to get a new accountant.,0
2215,"So they don't have to pay additional money, no additional $6,000.",1
9262,And I'm not going to cede those jobs of the future to those countries.,0
10336,I care about 100 percent of the American people.,0
2069,"The first two weeks she's got them, some of them sitting on the floor until finally they get reassigned.",0
2304,And there are some parts of Dodd-Frank that make all the sense in the world.,0
27759,"It's not my term, it's the president's own secretary of defense called these trillion dollars of cuts to our military devastating.",1
27271,"But, Governor, when you were in Massachusetts, small businesses development ranked about 48th, I think out of 50 states in Massachusetts, because the policies that you are promoting actually don't help small businesses.",1
27988,We've got to do that in Washington.,0
9378,Those things will get us the energy we need.,0
27107,"You know, Moammar Gadhafi had more American blood on his hands than any individual other than Osama bin Laden.",1
9169,Ones that can support a family.,0
1757,We've got to get those dollars back to the states and go to the workers so they can create their own pathways to get in the training they need for jobs that will really help them.,0
2480,"These are small -- these are enterprises competing with each other, learning how to do better and better jobs.",0
9658,"When Governor Romney says that we should eliminate funding for Planned Parenthood, there are millions of women all across the country, who rely on Planned Parenthood for, not just contraceptive care, they rely on it for mammograms, for cervical cancer screenings.",1
27986,I was in a state where my legislature was 87 percent Democrat.,1
2337,It wasn't thought through properly.,0
2654,"I propose we grade our schools so parents know which schools are succeeding and failing, so they can take their child to a -- to a school that he's being more successful.",0
27589,"Governor, the problem is, is that on a whole range of issues, whether it's the Middle East, whether it's Afghanistan, whether it's Iraq, whether it's now Iran, you've been all over the map.",0
2455,"In the meantime, folks out there with insurance, you're already getting a rebate.",1
26956,"It's wonderful that Libya seems to be making some progress, despite this terrible tragedy.",0
27071,Syria is Iran's only ally in the Arab world.,1
1913,My plan is not like anything that's been tried before.,1
10312,"I want high wage, high skill jobs.",0
27083,"But the Saudi's and the Qatari, and -- and the Turks are all very concerned about this.",0
10054,It was very clear this was not a demonstration.,0
27783,And so we have to understand that we can't just surrender and lose jobs year in and year out.,0
1795,"The average middle-class family with children would pay about $2,000 more.",1
27076,"And finally, we don't want to have military involvement there.",1
26975,"And unfortunately, that's the kind of opinions that you've offered throughout this campaign, and it is not a recipe for American strength, or keeping America safe over the long haul.",0
2349,It's hurt the housing market because Dodd-Frank didn't anticipate putting in place the kinds of regulations you have to have.,1
9908,Making life so miserable on folks that they'll leave.,0
27105,"But when it came time to making sure that Gadhafi did not stay in power, that he was captured, Governor, your suggestion was that this was mission creep, that this was mission muddle.",1
1703,"It's small business that creates the jobs in America, and over the last four years, small business people have decided that America may not be the place to open a new business because new business startups are down to a 30-year low.",1
9755,"I told you I'd cut taxes for small businesses, and I have.",1
2318,You had credit agencies that were stamping these as A1 great investments when they weren't.,1
9796,He said that by now we'd have unemployment at 5.4 percent.,1
2095,"Actually, this $2.8 billion goes largely to small companies, to drilling operators and so forth.",1
2011,And this -- I love this idea of $4 trillion in cuts.,0
27737,"And, unfortunately, Governor Romney's budget and his proposals would not allow us to make those investments.",0
2592,The proof of that is we've gone from 32 million on food stamps to 47 million on food stamps.,1
9873,"Number two, we're going to have to stop illegal immigration.",0
27582,They're back away from a nuclear proliferation treaty that we had with them.,1
27196,"And those principles include human rights, human dignity, free enterprise, freedom of expression, elections.",1
27501,"You know, because of the intelligence coordination that we do with a range of countries, including Israel, we have a sense of when they would get breakout capacity, which means that we would not be able to intervene in time to stop their nuclear program.",1
27094,"We should be playing the leadership role there, not on the ground with military.",0
27554,"And then I went down to the border towns of Storok (ph), which had experienced missiles raining dowm from Hamas.",0
10179,"And he said that the reason he changed his mind was, in part, because he was seeking the endorsement of the National Rifle Association.",1
27825,"Governor Romney, that's not what you said...",1
1892,"The approach that Governor Romney's talking about is the same sales pitch that was made in 2001 and 2003, and we ended up with the slowest job growth in 50 years, we ended up moving from surplus to deficits, and it all culminated in the worst financial crisis since the Great Depression.",1
27623,The commanders and the generals there are on track to do so.,0
10186,"When it comes to community colleges, we are setting up programs, including with Nassau Community College, to retrain workers, including young people who may have dropped out of school but now are getting another chance, training them for the jobs that exist right now.",1
2150,"When it comes to Social Security, as I said, you don't need a major structural change in order to make sure that Social Security is there for the future.",0
9619,"They said, ""Well, these are the people that have the qualifications.""",0
1902,"Well, but he gets the first word of that segment.",0
9271,"Because the president cut in half the number of licenses and permits for drilling on federal lands, and in federal waters.",1
1969,And we know where it came from: two wars that were paid for on a credit card; two tax cuts that were not paid for; and a whole bunch of programs that were not paid for; and then a massive economic crisis.,0
2716,"You know, four years ago, we were going through a major crisis.",1
9950,"Mr. President, I'm still speaking.",0
10230,"Trickle-down government has never worked here, has never worked anywhere.",1
9945,Let me mention something else the president said.,0
1880,It added up to well over 50 percent of what they earned.,1
2333,"Look, we have to have regulation on Wall Street.",0
2316,"You had loan officers were -- that were giving loans and mortgages that really shouldn't have been given, because the folks didn't qualify.",1
9448,The top 5 percent of taxpayers will continue to pay 60 percent of the income tax the nation collects.,1
9604,"This is not just a women's issue, this is a family issue, this is a middle-class issue, and that's why we've got to fight for it.",0
9726,"But when Governor Romney says that he has a very different economic plan, the centerpiece of his economic plan are tax cuts.",1
2479,This is the private market.,0
2499,"Now, that also means that you've got more customers.",0
10262,And both Governor Romney and I agree actually that we should lower our corporate tax rate.,1
10392,And I want to make sure that the next generation has those same opportunities.,0
26902,And thank you for agreeing to moderate this debate this evening.,0
2173,They're smart enough to know that's not a good trade.,0
9355,"And coal, coal production is not up; coal jobs are not up.",1
2375,"Second reason, it cuts $716 billion from Medicare to pay for it.",1
2492,"Well, actually Governor, that isn't what your plan does.",0
1920,We've got 23 million people out of work or stopped looking for work in this country.,1
27856,I -- I want to invest in research.,0
9797,The difference between where it is and 5.4 percent is 9 million Americans without work.,1
1885,"And so what I do is I bring down the tax rates, lower deductions and exemptions, the same idea behind Bowles-Simpson, by the way, get the rates down, lower deductions and exemptions, to create more jobs, because there's nothing better for getting us to a balanced budget than having more people working, earning more money, paying more taxes.",0
27145,"And we have put significant pressure on them to make sure they're doing that; to recognize the rights of women, which is critical throughout the region.",1
9660,And it makes a difference in terms of how well and effectively women are able to work.,0
9831,And the only reason the unemployment rate seems a little lower today is because of all the people that have dropped out of the workforce.,1
1838,"Well, for 18 months he's been running on this tax plan.",1
10051,"But I find more troubling than this, that on -- on the day following the assassination of the United States ambassador, the first time that's happened since 1979, when -- when we have four Americans killed there, when apparently we didn't know what happened, that the president, the day after that happened, flies to Las Vegas for a political fund-raiser, then the next day to Colorado for another event, other political event.",1
9798,I wasn't the one that said 5.4 percent.,1
27420,"First of all, Israel is a true friend.",1
10157,And this was a -- this was a program of the government.,1
2290,Let me give you an example.,0
9609,"We did it by taking $60 billion that was going to banks and lenders as middlemen for the student loan program, and we said, let's just cut out the middleman.",1
9515,There are 3.5 million more women living in poverty today than when the president took office.,1
10043,And today there's a memorial service for one of those that was lost in this tragedy.,0
27974,I also want to make sure that we get this economy going.,0
27467,I would indict him for it.,0
2593,The proof of that is that 50 percent of college graduates this year can't find work.,1
9451,"And so, in terms of bringing down deductions, one way of doing that would be say everybody gets -- I'll pick a number -- $25,000 of deductions and credits, and you can decide which ones to use.",0
27600,"You know, after we killed bin Laden I was at ground zero for a memorial and talked to a young women who was four years old when 9/11 happened.",0
2065,I think most Americans would say that doesn't make sense.,0
1881,And your plan is to take the tax rate on successful small businesses from 35 percent to 40 percent.,1
27173,"Unfortunately, the economy is not stronger.",0
27930,"It's just a tragedy in a nation so prosperous as ours, that the last four years have been so hard.",0
9387,"And with respect to this pipeline that Governor Romney keeps on talking about, we've -- we've built enough pipeline to wrap around the entire earth once.",1
2578,"We have a responsibility to protect the lives and liberties of our people, and that means a military second to none.",0
10168,"And it's referred to as an assault weapon ban, but it had, at the signing of the bill, both the pro-gun and the anti-gun people came together, because it provided opportunities for both that both wanted.",1
10377,There's a fundamentally different vision about how we move our country forward.,0
26915,And so what we're seeing is a pretty dramatic reversal in the kind of hopes we had for that region.,0
9439,"You've seen, as middle-income people in this country, incomes go down $4,300 a family, even as gasoline prices have gone up $2,000.",1
9485,We created 23 million new jobs.,1
27144,"But what I've also said is that now that you have a democratically elected government in Egypt, that they have to make sure that they take responsibility for protecting religious minorities.",1
9743,That's not how we're going to move our economy forward.,0
27937,The federal government didn't hire our teachers.,1
2412,"Well, I did with my first statement.",0
10139,And you ask how -- how are we going to do that?,0
27704,"We created partnerships throughout the region to deal with extremism in Somalia, in Yemen, in Pakistan.",1
2588,"And what we're seeing right now is, in my view, a -- a trickle-down government approach, which has government thinking it can do a better job than free people pursuing their dreams.",0
9507,"Because if you bring rates down, it makes it easier for small business to keep more of their capital and hire people.",1
9278,"Look, I want to make sure we use our oil, our coal, our gas, our nuclear, our renewables.",0
1975,And so I've put forward a specific $4 trillion deficit reduction plan.,1
9305,And natural gas isn't just appearing magically.,0
1848,"And we do have a difference, though, when it comes to definitions of small business.",0
9315,"That means those cars can be exported, 'cause that's the demand around the world, and it also means that it'll save money in your pocketbook.",1
9304,We're actually drilling more on public lands than in the previous administration and my -- the previous president was an oil man.,1
27756,They look at our -- our decision to -- to cut back on our military capabilities.,0
26968,"You said we should have gone into Iraq, despite that fact that there were no weapons of mass destruction.",1
9562,"I ran the -- the state of Massachusetts as a governor, to the extent any governor does, and balanced the budget all four years.",1
10116,"We're a nation that believes in the Second Amendment, and I believe in the Second Amendment.",0
27182,We need to have strong allies.,0
27208,We have to get our economy going.,0
9778,"That is not the kind of leadership that you need, but you should expect that those are promises he's going to keep.",0
1778,So any -- any language to the contrary is simply not accurate.,0
9227,And we have fought back for four years to get out of that mess.,0
