Sentence_id,text,label
16529,And uh - with that uh - in that framework would befit the - any improvements in the programs.,0
29035,I have spent the last quarter century fighting for middle-class working men and women in the United States of America.,0
24904,This brings up the whole question of what Presidential leadership is all about.,0
29893,I got him to give the birth certificate.,0
20362,"Under my tax plan that he continues to criticize, I set one-third.",1
2535,And what we did in Massachusetts is a model for the nation state by state.,0
10318,Then companies won't come here.,0
34235,And they are being slaughtered...,1
13362,We've spent more money on agriculture in the last eight years than the hundred years of the Agricultural Department before that.,1
24004,Our foreign competitors are doing it; we're not.,1
9468,"It's going to help those families, and it's going to create incentives to start growing jobs again in this country.",0
19954,It was wrong for the country and calling it conservative won't make it right.,0
18773,That's where he was breaking the agreement.,1
1382,"And I would institute the same kind of procedure as president, not only in judicial appointments, but also in diplomatic appointments.",0
6340,It's a system that cries out for accountability and transparency and the adequate funding.,0
25345,"And that's why this enormous national debt, engineered by this administration, is harming these countries in fueling this immigration.",1
26752,Let me tell you what I feel.,0
11007,"And when Senator McCain says that he wants to provide children health care, what he doesn't mention is he voted against the expansion of the Children's Health Insurance Program that is responsible for making sure that so many children who didn't have previously health insurance have it now.",1
11598,"Yes, I voted for it, supported it.",1
3673,"With all due respect, you already gave them to the oil companies.",1
20918,90% of our kids go to public schools.,1
11503,"Well, we stand with Israel, but we have maintained the ability to serve as an honest broker.",1
23455,But let me just address what the president just said.,0
22500,I want to make America as great as it can be and I ask for your help in doing it.,0
33862,Nobody has more respect for women than I do.,0
14837,"And with each one of those decisions that affect the future of my country, I have learned in the process.",0
1429,"Now in addition, we had a very - some very good news in the reduction in the rate of inflation.",1
18740,I hope we can do it.,0
32624,Russia hasn't paid any attention to ISIS.,1
20540,That they're appointed for life and that they ought to look at the Constitution as sacred.,0
8507,"The fact of the matter is it was a bill that was less than you recommended, Mr. Nixon, this morning in your proposal.",1
22842,Now they have the bombs and we're less safe.,1
32161,"Number one, insurance companies can't deny you coverage because of a pre-existing condition.",1
3588,I have fought against it.,1
1766,"On government land, your administration has cut the number of permits and licenses in half.",1
32682,So she wants to fight.,0
7703,We have to practice what we preach.,0
25987,"They haven't said what's going to happen, whether they're going to have it declared addictive.",1
17449,"I believe that until and unless someone can establish that the unborn child is not a living human being, then that child is already protected by the Constitution, which guarantees life, liberty, and the pursuit of happiness to all of us.",0
19382,"And I shook hands with him on it and I appointed my members, and the commission never met.",1
34158,He has consistently denied what is...,1
18264,There's a sense of American occupation.,0
26670,We didn't have access to their markets.,1
27651,"And what we can now do is free up some resources, to, for example, put Americans back to work, especially our veterans, rebuilding our roads, our bridges, our schools, making sure that, you know, our veterans are getting the care that they need when it comes to post-traumatic stress disorder and traumatic brain injury, making sure that the certifications that they need for good jobs of the future are in place.",0
26774,But we're not there yet.,0
7622,That is the accepted procedure between nations; and my judgment is that we should follow the advice of Theodore Roosevelt: Be strong; maintain a strong position; but also speak softly.,0
8037,We had to go in when they came in.,0
26369,He said it was a mistake.,0
13508,"Well, I think there are many uh - tests, Mr. Drummond, of prestige.",0
10768,Senator Obama's secret that you don't know is that his tax increases will increase taxes on 50 percent of small business revenue.,1
2172,That's $1 -- that's $1 for every $15 you've cut.,1
18098,"And that's why it's essential that we have strong alliances, and we do.",0
18884,He needed to be disarmed.,0
16916,"Uh - Mr. Ford has vetoed, as I said earlier, four times as many bills per year as Mr. Nixon.",1
7144,Women work for 76 cents on the dollar for the same work that men do.,1
14887,Again it's important to put the situation in perspective.,0
28196,"They've been talking about it in Washington, D.C.",0
17348,"And when people vote, I think you're going to see a very strong verdict by the American people that they favor the approach that I'm talking about.",0
34317,"And we're bringing GDP from, really, 1 percent, which is what it is now, and if she got in, it will be less than zero.",1
25877,We used to have 18.,1
22864,"It is naive and dangerous to take a policy that he suggested the other day, which is to have bilateral relations with North Korea.",0
7115,We're continuing to increase manpower and equipment.,1
23033,"And what my worry is is that, you know, it looks like it's from Canada, and it might be from a third world.",0
2527,And then that number disappears for high-income people.,1
12886,We can put the Communists on the defensive.,0
16837,"Well, these special kinds of programs have - have robbed the average taxpayer and have benefited those who are powerful, and who can employ lobbyists, and who can have their CPAs and their lawyers to help them benefit from the roughly uh - eight thousand pages of the tax code.",1
15415,"Also, I want to thank the people of Cleveland and Ohio for being such hospitable hosts during these last few hours in my life.",0
24448,There's been a lot of talk about family values in this campaign.,0
32630,"Russia has decided that it's all in, in Syria.",1
20149,The auto worker in Toledo who was unemployed when I was elected and now has a great job because we're number one in auto production again.,1
3531,We've got fundamental problems in the system.,1
1428,"As a matter of fact, based on the announcement this week, there will be at an annual rate of a million, eight hundred and some thousand new houses built, which is a tremendous increase over last year and a substantial increase over the earlier part of this year.",1
27527,"And every fact checker and every reporter who's looked at it, Governor, has said this is not true.",1
27558,"So that's how I've used my travels, when I travel to Israel and when I travel to the region.",0
10179,"And he said that the reason he changed his mind was, in part, because he was seeking the endorsement of the National Rifle Association.",1
14747,"Absolutely we can win, because it's your country.",0
3426,"Our nation is involved in two wars, and we are going through the worst financial crisis since the Great Depression.",1
16018,Keep the trust with the older men and women of this country.,0
28920,I support the death penalty.,1
33038,They'll be able to compete.,0
28171,"Now, we have a big difference on this.",0
3505,"We've got to start also holding people accountable, and we've got to reward people who succeed.",0
28061,"And this particular bill, it allows patients to choose a doctor, their own doctor if they want to.",1
8281,I prefer to take the overall percentage record of the last twenty years of the Democrats and the eight years of the Republicans to show an overall period of growth.,0
24183,It's like having a blueprint for a house you never built.,0
6268,"Early childhood education, which closes the achievement gap, so that every child is prepared for school, every dollar we invest in that, we end up getting huge benefits with improved reading scores, reduced dropout rates, reduced delinquency rates.",0
25101,"What I'm referring to there is the mutual self-defense provisions that exist in the Inter-American treaty, the so-called Rio Pact, that permits the nations, our friends in that region, to combine to take steps -- diplomatic and otherwise -- to prevent Nicaragua, when she acts irresponsibly in asserting power in other parts outside of her border, to take those steps, whatever they might be, to stop it.",1
17918,"We can be better if we face our future, rejoice in our strengths, face our problems, and by solving them, build a better society for our children.",0
12754,Well let me make one thing clear.,0
33880,"Well, every time Donald is pushed on something which is obviously uncomfortable, like what these women are saying, he immediately goes to denying responsibility.",0
2159,In fact he is on Medicare.,1
26902,And thank you for agreeing to moderate this debate this evening.,0
32524,"And we're going to make sure that nobody, no corporation, and no individual can get away without paying his fair share to support our country.",0
2246,That's -- that's a big topic.,0
22254,There's nothing -- the most efficient unit of government the world will ever know is a strong loving family unit.,0
21729,"So we're making progress but until we get that one done, we're not going to solve the neighborhood crime problem.",0
1703,"It's small business that creates the jobs in America, and over the last four years, small business people have decided that America may not be the place to open a new business because new business startups are down to a 30-year low.",1
26143,"Before Senator Dole left the Senate, he and Mr. Gingrich also were recommending that we pass these tax cuts only insofar as we could pay for them.",1
12017,So we're distributing in our State of Texas for free.,1
2860,"And I believe that instead of talking about Soviet progress, we can talk about American successes.",0
24583,"Well, I think Governor Clinton is committed.",0
25970,"Meanwhile, we started the -- also in '93 to look into whether cigarettes were addictive enough for the Federal Food and Drug Administration to ban the ability of cigarette companies to advertise, market and distribute their products to our kids.",1
20315,Trying to frighten people in the voting booth.,0
3225,South Korea faces a very delicate situation.,0
8246,I know what it means to see people who are unemployed.,0
33373,"The NAFTA deal signed by her husband is one of the worst deals ever made of any kind, signed by anybody.",1
19412,"We supported a a crime bill that had 60 death penalties including, including the death penalty for drug kingpins.",1
15847,It's not much fun sometimes.,0
24932,It was turned over to the agency head of the CIA in Nicaragua to be printed.,1
16475,"And I recommended that to the Congress with a budget ceiling of three hundred and ninety-five billion dollars, and that would have permitted us to have a $25 billion tax reduction.",1
2129,Social Security is structurally sound.,0
24923,"We've seen in the Nicaraguan example a policy that has actually hurt us, strengthened our opposition, and undermined the moral authority of our country in that region.",0
18957,"He is -- listen, they went through a horrible situation in Beslan, where these terrorists gunned down young school kids.",1
22216,"Number three, we'd open the doors to college education to high school graduates without regard to income.",0
1426,We had an 18 percent increase in housing starts.,1
4382,"I sit on the Veterans Affairs Committee, and we've got -- I meet veterans all across the country who are trying to figure out, ""How can I get disability payments?",0
16149,"And I believe the answer to the agricultural economy is not to get the government further involved, but to do what I'm suggesting.",0
20336,The governor has declined to endorse that idea even though the Republican as well as Democratic leaders in Congress have endorsed it.,1
28192,"One thing about insurance, that's a Washington term.",0
15891,"I was over running records in west Texas, and I got a call from her, come home; went to the doctor; the doctor said, beautiful child, your child has a few weeks to live.",0
10731,"And so it's important to understand that the -- I think the American people are hungry for the kind of leadership that is going to tackle these problems not just in government, but outside of government.",0
9076,Do you think that our political institutions are working the way they should when literally only half of our citizens vote?,1
27262,And that's where we're going right now unless we finally get off this spending and borrowing binge.,0
19410,We submitted the biggest drug budget ever.,1
22011,"But the more immediate answer is to do what this lady was suggesting we do, and that is to get this deficit down and get on without adding to the woes, and then restructure.",0
34331,"You take these big companies, these trade deals are far bigger than these companies, and yet we don't use our great leaders, many of whom back me and many of whom back Hillary, I must say.",0
6979,You just heard the president say that young people ought to be able to take money out of Social Security and put it in their own accounts.,1
15423,I consider myself in the mainstream even of the bipartisan list of Presidents who served before me.,0
13700,"You haven't heard me mention this before, but we're getting close now and I think it's about time I start putting things in perspective.",0
18715,"I just think trying to be popular, kind of, in the global sense, if it's not in our best interest makes no sense.",0
10202,"When Governor Romney was asked whether teachers, hiring more teachers was important to growing our economy, Governor Romney said that doesn't grow our economy.",1
19810,"I personally don't think that's the right kind of future for America, and I think we ought to take a different tack.",0
148,I think it's the Republican Party and my concern to bring it down.,0
28416,50 million Americans get no tax relief under his plan.,1
17689,"Now, we need a tight budget, but there's no question that this administration has singled out things that affect the most vulnerable in American life, and they're hurting.",0
18378,And now we're fighting them now.,1
7749,"It's being fought primarily in Asia, in Africa, and in Latin America.",1
20518,"I trust women to make the decisions that affect their lives, their destinies and their bodies.",1
17357,The American people want this environment protected.,0
11471,We need to insist that Arafat send out instructions to halt some of the provocative acts of violence that have been going on.,0
5543,That's 16 million jobs in America.,1
24039,"But when the tables get turned, I ought to do my share.",0
14505,And I'm paying for all that for those guys.,1
7986,"And he's doing a very effective job of that, in his way.",0
18283,"As well, help is on the way, but it's certainly hard to tell it when he voted against the $87-billion supplemental to provide equipment for our troops, and then said he actually did vote for it before he voted against it.",1
24931,And he drew up this manual.,0
14289,I happen to think she's a key person.,0
11945,But I feel strongly that marriage should be between a man and a woman.,0
29713,"We have endorsements from, I think, almost every police group, very -- I mean, a large percentage of them in the United States.",1
27488,"And the reason is was so important -- and this is a testament to how we've restored American credibility and strength around the world -- is we had to make sure that all the countries participated, even countries like Russia and China.",0
16609,"We have twenty different agencies in the federal government responsible for the production, the regulation, the uh - information about energy, the conservation of energy, spread all over government.",1
3950,"Number three, we've got to deal with Pakistan, because Al Qaida and the Taliban have safe havens in Pakistan, across the border in the northwest regions, and although, you know, under George Bush, with the support of Senator McCain, we've been giving them $10 billion over the last seven years, they have not done what needs to be done to get rid of those safe havens.",1
6837,"In the last debate, my opponent said those lawsuits only caused the cost to go up by 1 percent.",1
10678,"We're going to have to prioritize, just like a family has to prioritize.",0
24452,I've seen the family values of all these people in America who are out there killing themselves working harder for less in a country that's had the worst economic years in 50 years and the first decline in industrial production ever.,1
16488,That tax bill does not entirely meet the criteria that I established.,1
3835,"Recently on a television program, he said it exceed our wildest expectations.",0
33069,But I also want to be sure that we don't leave people behind.,0
29986,"I know Donald's very praiseworthy of Vladimir Putin, but Putin is playing a really...",0
19997,"I wouldn't want to be a liberal either, Mr. President, but you're stuck with it because that's your record, that's your record in Arkansas: The biggest tax increase in history.",1
34277,This would not be done just on the first day.,0
20480,And we can do so in an environmentally friendly way.,0
3998,"And as a consequence, we lost legitimacy in Pakistan.",1
30365,"To be president of this country, you need tremendous stamina.",0
22948,And that's why I'll be a better commander in chief.,0
10715,And they'll have to undergo the same scrutiny that all projects should in competition with others.,0
13538,"We're well ahead and we can stay ahead, provided we have confidence in America and don't run her down in order to build her up.",0
28266,"I've said to the extent we spend federal money on disadvantaged children, we want the schools to show us whether or not the children are learning.",1
10647,And drilling offshore and nuclear power are two vital elements of that.,0
8885,It will come from the pockets of the people who are living in those very areas.,0
22163,We can't have any more instances like what happened when Mr. Bush went to Japan and the Japanese prime minister said he felt sympathy for our country.,1
24311,and the military that liked it better the way it used to be.,0
31871,"Just today, policemen was shot, two killed.",1
7034,People listening out there know the benefits of the tax cuts we passed.,0
30253,They do not pay us.,1
29237,"He said, back in 2006, ""Gee, I hope it does collapse, because then I can go in and buy some and make some money.""",1
22093,You picked up a $500-billion bill because of the dumb way the federal government deregulated it.,1
30095,"That means we've got to work more closely with our allies, and that's something that Donald has been very dismissive of.",1
26656,"And since we did that, in the areas where we concluded, trade agreements or exports to Japan have gone up by 85 percent in the last four years and our trade deficit with Japan has gone down.",1
14381,"And then after the Republican dirty tricks group got through with me I'm another person, which I consider an absolutely sick operation.",0
19455,"States like Florida, Colorado, Virginia, and other states.",0
29167,"We also, though, need to have a tax system that rewards work and not just financial transactions.",0
15297,"They must continue to get those checks, and I believe that the system can be put on a sound actuarial basis.",0
10876,"And that's why we've got to make some investments and I've called for investments in solar, wind, geothermal.",1
13395,Because America must be able to grow enough not only to take care of our needs at home for better education and housing and health - all these things we want.,0
16665,At the present time we're spending roughly three billion five hundred million dollars.,1
25231,"And a recent book that just came out by perhaps the Nation's most respected author in this field, Strobe Talbott, called ""Deadly Gambits,'' concludes that this President has failed to master the essential details needed to command and lead us, both in terms of security and terms of arms control.",1
17899,Would fathers and mothers feel proud of themselves if they loaded their children with debts like this nation is now -- over a trillion dollars on the shoulders of our children?,1
11580,"I thought it was in our strategic interests to keep Milosevic in check because of our relations in NATO, and that's why I took the position I took.",0
15118,"What the Western allies did decide to do is to stop all air flights - commercial air flights - to any nation involved in terrorism or the hijacking of air planes, or the harboring of hijackers.",1
19139,"For example, we have reduced the size of the Federal government to its smallest size in 30 years.",1
2408,"And as a consequence, we now have a system in which we have the opportunity to start bringing down costs, as opposed to just leaving millions of people out in the cold.",0
34349,I do not add a penny to the national debt.,1
28350,That gets rid of the third biggest intrusion of the federal government in our economy.,1
29271,"Our country is losing so much in terms of energy, in terms of paying off our debt.",1
33046,We have to make it possible.,0
21592,That happened when I was president.,1
34246,It is so sad when you see what's happened.,0
6981,"The CBO said very clearly that if you were to adopt the president's plan, there would be a $2 trillion hole in Social Security, because today's workers pay in to the system for today's retirees.",1
12383,I thought during his debate with Senator Bradley saying he authored the EITC when it didn't happen.,1
14253,"I've done a lot of them, and I'll continue to do them as president.",1
33536,She has been outsmarted and outplayed worse than anybody I've ever seen in any government whatsoever.,0
11410,"The goals ought to be an education system that leaves no child behind, Medicare for our seniors, a Social Security system that's safe and secure, foreign policy that's in our nation's interest, and a strong military, and then bring people together to achieve those goals.",0
26186,You tried it last time you ran.,1
7673,"He has not indicated his support of an attempt to provide fair employment practices around the country, so that everyone can get a job regardless of their race or color.",1
14405,What were her written instructions?,0
11251,Energy is going to be key in dealing with Russia.,0
26013,That's more than it's had a lot of the time in the last years.,1
15625,"Margaret, may I go back and just say to the vice president that I didn't raid the pension fund of Massachusetts you are dead wrong, George, we didn't do that.",1
2624,And people who are going through them know that there's a job waiting for them if they complete it.,0
22890,One of the things we've done is we've taken the -- we're beginning to transform our military.,1
4317,We have to work more closely with our allies.,0
9712,I want to keep their taxes down on small business.,0
1286,"The individual who wants to start a business or expand his business as a black businessman is able to borrow, either directly or with guaranteed loans.",1
3447,He's a dear and beloved friend to all of us.,0
17036,The individual worker in the plants throughout the United States should not be a small cog in a big machine.,0
9865,We welcome legal immigrants into this country.,0
21808,We have 35 million people without any insurance at all -- and I see them all the time.,1
7110,They're much better protected today than they were when I was the governor of Texas.,1
6106,The average family is paying an additional $900 a year in higher premiums because of the uninsured.,1
6530,And it's gotten worse under President Bush over the course of the last years.,0
17227,It's not an opinion; it's a fact.,0
2730,"Thank you, Jim, and Mr. President.",0
1192,"And if he should ever become uh - the president of the United States, with his vast experience as member the House and a member of the Senate, as well as a vice president, I think he would do an outstanding job as president of the United States.",0
10319,"Those investments are what's going to help to make sure that we continue to lead this world economy, not just next year, but 10 years from now, 50 years from now, 100 years from now.",1
9217,And Governor Romney's says he's got a five-point plan?,0
18392,We've allocated $7 billion over the next months for reconstruction efforts.,1
6377,And I've been a careful steward of your tax dollars.,0
24499,We're using the military more now in terms of interdiction.,1
19235,"And now with this risky $550 billion tax scheme of Senator Dole's, even his own friends, his campaign co-chair, Senator D'Amato, says that they can't possibly pay for it without cutting Medicare more and cutting Social Security as well, according to him.",1
25947,Not until again in 1996 -- I don't want anybody to smoke.,0
33995,"So let me just tell you very quickly, we're entitled because of the laws that people like her passed to take massive amounts of depreciation on other charges, and we do it.",1
19341,"And it wasn't me that let the polluters actually come into the halls of Congress, into the rooms, and rewrite the environmental laws.",1
6336,"That was, of course, out-of-bounds by the Democrats.",0
14843,"Seven out of eight years, the budget commitments for defense went down, 37% in all.",1
29636,We have an architect in the audience who designed one of your clubhouses at one of your golf courses.,0
12774,"We have - may have made more shots but the size of their rocket thrust and all the rest - you yourself said to Khrushchev, ""You may be ahead of us in rocket thrust but we're ahead of you in color television"" in your famous discussion in the kitchen.",0
25078,"You pay $500 for a $5 hammer, you're not buying strength.",0
27904,People will look it up.,0
7274,Apparently you can't pass any test under his vision of the world.,0
665,We are once again reliable suppliers and I would never use food as a political tool like our predecessors did.,1
2943,I believe that we have uh - negotiated with the Soviet Union since I've been president from a position of strength.,1
29665,"My obligation right now is to do well for myself, my family, my employees, for my companies.",0
26657,Until about five months ago the Japanese economy was in a deep recession.,1
21235,I want to finally get something done on Social Security.,0
29504,The Fed is being more political than Secretary Clinton.,0
14295,"Look at Lynn Martin, who's fighting against this glass ceiling and doing a first-class job on it.",1
1206,"Number two, that strip-mining bill would've severely set back our need for more coal, and Governor Carter has said repeatedly that coal is the resource that we need to use more in the effort to become independent of the uh - Arab oil supply.",1
29808,And I think the federal government could be in a position where we would offer and provide that.,0
7425,I've reached across the aisle.,0
20439,I commend you for supporting that.,0
7679,What will be the leadership of the president in these areas to provide equality of opportunity for employment?,0
8948,And that state we controlled spending.,1
33147,What kind of rights will Americans have?,0
8122,"I should make it very clear that I do not think we're doing enough, that I am not satisfied as an American with the progress that we're making.",0
21697,"Therefore I support the Brady bill which would impose a national waiting period unless and until a state did what only Virginia has done now, which is to automate its records.",1
27553,"I went to Yad Beshef (ph), the Holocaust museum there, to remind myself the nature of evil and why our bond with Israel will be unbreakable.",0
437,"Well, the Massachusetts furlough program was unique.",0
19628,It's a haven for drug smugglers and we don't have a firm policy when it comes to Fidel Castro.,1
26315,"If I have anything in politics, it's my word.",0
27287,"And the kinds of budget proposals that you've put forward, when we don't ask either you or me to pay a dime more in terms of reducing the deficit, but instead we slash support for education, that's undermining our long-term competitiveness.",0
4160,And the notion that we would sit with Ahmadinejad and not say anything while he's spewing his nonsense and his vile comments is ridiculous.,0
27136,That's the kind of leadership we've shown.,0
4352,And it was major -- a major factor in bringing about the end of the Cold War.,0
23287,"If you look at his record in the Senate, he voted to break the caps -- the spending caps -- over 200 times.",1
23916,"Well, let's admit it then.",0
29250,Donald thinks that climate change is a hoax perpetrated by the Chinese.,1
2489,Let me just point out first of all this board that we're talking about can't make decisions about what treatments are given.,1
28079,I referred to the Dingle-Norwood bill.,0
9986,"His top adviser on immigration is the guy who designed the Arizona law, the entirety of it; not E-Verify, the whole thing.",1
32170,"Right now, we are at 90 percent health insurance coverage.",1
26017,"Well again, if you're somebody thinking about the future, I think it's fair to say that it'll be -- we'll work it out.",0
13623,I think Mr. Perot put his finger on something there.,0
19792,"So we always had a rule, we divided by six.",0
2347,"So banks are reluctant to make loans, mortgages.",1
26067,It puts a heavy burden on a states like California.,1
29878,And I think that's a good thing.,0
846,My opponent says J. Danforth Quayle.,0
9563,"When we're talking about math that doesn't add up, how about $4 trillion of deficits over the last four years, $5 trillion?",1
17242,"And 3 days after the election in 1982, they came to us and said, Social Security, we know, is broke.",1
18213,"We just read on the front pages of America's papers that there are over 100,000 hours of tapes, unlistened to.",1
20165,But I've had my anxious moments in my life.,0
18757,"And today, there are four to seven nuclear weapons in the hands of North Korea.",1
12002,"Well, it starts with enforcing law.",0
18819,I agree with my opponent that we shouldn't be committing troops.,0
28083,It is being blocked by the Republican leadership in the Congress.,1
6520,"Help us prioritize those who need to get the flu shot, the elderly and the young.",0
426,And that's one of the reasons why my state has cut crime by more than any other industrial state in America.,1
2417,"As a matter of fact, when Massachusetts did something quite extraordinary -- elected a Republican senator to stop Obamacare, you pushed it through anyway.",1
33056,That's something that I fought against as a senator and that I would have a trade prosecutor to make sure that we don't get taken advantage of by China on steel or anything else.,1
3764,There is no doubt about it.,0
7651,"And there we would give statutory authority to the Committee on Government Contracts, which is an effective way of getting real progress made in this area, since about one out of every four jobs is held by and is allotted by people who have government contracts.",1
14255,"Of the 3 of us, I have balanced a government budget 12 times, I have offered and passed campaign finance reform, offered, pushed for and passed in public referendum lobbyist restrictions, done the kinds of things you have to do to get legislators together not only to establish consensus but to challenge them to change.",1
6686,We've increased Pell Grants by a million students.,1
1224,We have no energy policy.,1
5922,"When she was the head of their energy and natural resources board, she saw corruption, she resigned and said, ""This can't go on.""",1
23890,"I don't have any experience in creating the worst public school system in the industrialized world, the most violent crime-ridden society in the industrialized world.",0
27029,Governor -- here -- here's -- here's one thing...,0
16120,"If you don't get a two-thirds, then your resolution doesn't pass.",1
12020,He is for registration of guns.,1
16190,"I mean, this guy, this is too much.",0
18794,Right now all the president is providing is humanitarian support.,1
28984,"Now remember, Social Security revenue exceeds expenses up until 2015.",1
9816,That's after losing 5 million jobs.,1
15265,"And to this day, not one of its decisions or rulings has ever been challenged.",1
21813,"Employers would cover their employees, government would cover the unemployed.",0
34096,"Well, I am encouraged that there is an effort led by the Iraqi army, supported by Kurdish forces, and also given the help and advice from the number of special forces and other Americans on the ground.",1
8585,There are many of the points that he has made that I would like to comment upon.,0
2023,It's all those businesses that employ one-quarter of the workers in America; these small businesses that are taxed as individuals.,1
7885,I'm glad to hear tonight that he does suggest that I have had some experience.,0
27778,So it's pretty clear who doesn't want a trade war.,0
19042,We will strengthen our intelligence-gathering services.,0
6231,"The fact is that there was already a law on the books in Illinois that required providing lifesaving treatment, which is why not only myself but pro-choice Republicans and Democrats voted against it.",1
13169,And I just want to make one thing very clear.,0
18436,"He cut if off, sort of arbitrarily.",1
4326,"Obviously, we've poured billions of dollars into airport security.",1
12842,"I cannot be more precise than that, because until we see what Mr. Khrushchev does and what he says uh - we cannot indicate what our plans will be.",0
12941,And I challenge you tonight to deny that the Administration has sent at least several missions to persuade Chiang Kai-shek's withdrawal from these islands.,1
11997,I think that we ought to make all schools gun free.,0
26821,What I want the voters to do is to make a decision.,0
10641,Do you know that he voted for every increase in spending that I saw come across the floor of the United States Senate while we were working to eliminate these pork barrel earmarks?,1
7247,And that is the result of this president taking his eye off of Osama bin Laden.,0
17866,We believe that we had also promised that we would make our country more secure.,0
3929,"But if we snatch defeat from the jaws of victory and adopt Senator Obama's plan, then we will have a wider war and it will make things more complicated throughout the region, including in Afghanistan.",0
29216,"What's happened to our jobs and our country and our economy generally is -- look, we owe $20 trillion.",1
157,"So, my formula says grow at the rate of inflation.",0
724,"And secondly, in terms of the cutting of the Coast Guard, the Democratic controlled Congress, so please help us with that, who cut $70 million from the Coast Guard out of the interdiction effort on narcotics.",1
29650,You even at one time suggested that you would try to negotiate down the national debt of the United States.,1
29612,"When we have $20 trillion in debt, and our country's a mess, you know, it's one thing to have $20 trillion in debt and our roads are good and our bridges are good and everything's in great shape, our airports.",1
25065,"Indeed, he was on that side virtually throughout all his years in the Senate.",0
3205,"If the United States had not moved when we did in southern Africa, there's no doubt there would have been an acceleration of bloodshed in that tragic part of the world.",0
23723,"Not necessarily be in power, but here's what I'll say about the $87 billion.",0
2208,And the president supports taking $716 billion out of that program.,1
11046,"That was the wrong judgment, and it's been costly to us.",0
5896,"And it's not the fact -- it's not the fact that Senator Obama chooses to associate with a guy who in 2001 said that he wished he had have bombed more, and he had a long association with him.",1
20731,"Almost half of all the tax cut benefits, as I said under Governor Bush's plan, go to the wealthiest 1%.",1
25647,I was just going to -- --,0
6747,But I'm concerned that that will get overturned.,0
28358,"That was in an ad, Jim, that was knocked down by the journalists who analyzed the ad and said it was misleading.",1
29953,"You were after him, you were trying to -- you even sent out or your campaign sent out pictures of him in a certain garb, very famous pictures.",1
28278,"Now, you're -- and the way it would happen is that under his plan, if a school was designated as failing, the kids would be trapped there for another three years and then some of them would get federal vouchers and the state would be forced to match those, that money.",1
14705,"I'd like to say to Mr. Bush, even though I've got profound differences with him, I do honor his service to our country.",0
8504,I don't think that's extreme at all; and yet nearly two-thirds to three-fourths of the Republicans in the House of Representatives voted against that proposal.,1
18571,But you've also got to show that you are prepared to bring the rest of the world in and share the stakes.,0
16477,"That would mean, of course, that for a family of four that that family would have a thousand dollars more personal exemption - money that they could spend for their own purposes, money that the government wouldn't have to spend.",1
12646,The average income in some of those countries is twenty-five dollars a year.,1
7905,I would be willing as president to meet with Mr. Khrushchev or any other world leader if it would serve the cause of peace.,0
15914,"And I would hope that we would give to women in this country the right to make that decision, and to make it in the exercise of their conscience and religious beliefs.",0
20414,"Now, another big difference is Governor Bush is proposing to open up some of our most precious environmental treasures, like the Arctic National Wildlife Refuge for the big oil companies to go in and start producing oil there.",1
8807,"So I think it is a case of pay scale, of recognizing that if we're going to have young men and women responsible for our security, dealing with this sophisticated equipment, then for heaven's sakes, let's go out and have a pay scale that is commensurate with the sacrifice that we're asking of them.",0
7830,"But second, in addition to that, if we do get into a recessionary period we should move on that part of the economy which is represented by the private sector, and I mean stimulate that part of the economy that can create jobs - the private sector of the economy.",0
17660,"7.7 million elderly citizens who were living in the lowest 20 percent of earnings -- 7.7 million have moved up into another bracket since our administration took over, leaving only 5 million of the elderly in that bracket when there had been more than 13 million.",1
8978,"And I can only tell him that we reduced, in proportion of other states, the per capita spending, the per capita size of Government - we only increased the size of Government one-twelfth what it had increased in the preceding eight years.",1
14061,"But this deal that we're doing with BAC and US Air and KLM and Northwest, guess who's on the president's campaign big time: a guy from Northwest.",1
16622,I - I accomplished this with s - substantial reductions in employees in some departments.,1
28924,"Not only has an innocent person been executed, but the real perpetrator of the crime has not been held accountable for it.",1
9259,"So he's got the oil and gas part, but he doesn't have the clean energy part.",0
9048,"Two hundred years ago, Tom Paine, when the 13 tiny colonies were trying to become a nation, said, we have it in our power to begin the world over again.",0
8684,You are robbing the American people of their savings.,0
21746,"Right from the bottom up, the American people have got to say they want it.",0
19933,"The first thing you did when you came into office was set up the stimulus package, said we've got a little pork we want to scatter around America, $16 billion.",1
6532,"You've got about a million right here in Arizona, just shy, 950,000, who have no health insurance at all.",1
1501,"In Georgia alone, for instance, I got 84 percent of the vote, and I think there were fourteen people uh - in addition to myself on the ballot, and Governor Wallace had been very strong in Georgia.",1
40,We've been dealing with him; he's been dealing drugs to our kids.,1
29431,They're going to expand their companies.,0
18111,The biggest disaster that could happen is that we not succeed in Iraq.,0
33780,"If you become president, this country is going to be in some mess.",0
8967,"In other words, I have seen his program costed out to the point where it would amount to more than $300 million a year, just for the military.",1
6037,And Detroit had dragged its feet too long in terms of getting that done.,0
21130,Could we do another round on it?,0
8755,"That is the same Government that, in 1920, told us we only had enough oil left for 13 years, and 19 years later, told us we only had enough left for another 15 years.",1
6828,Most health-care costs are covered by third parties.,1
15263,"As Governor of California, I took charge of passing the strictest air pollution laws in the United States - the strictest air quality law that has even been adopted in the United States.",1
19590,When I have sent the fleet into the Taiwan straits.,0
7773,"The Rockefeller Brothers report, General Ridgway, General Gavin, the Gaither Report, various reports of Congressional committees all indicate that the relative strength of the p- United States both militarily, politically, psychologically, and scientifically and industrially - the relative strength of the so- of United States compared to that of the Soviet Union and the Chinese Communists together - has deteriorated in the last eight years and we should know it, and the American people should be told the facts.",1
8888,"Now, the Federal Government is going to turn around and say, well you have this problem; we will now hand you the money to do it.",0
29104,"First, we have to build an economy that works for everyone, not just those at the top.",0
12407,Not with the measure that leaves the majority of them without any real basic help until the next president's term of four years is over.,1
24271,"Every time our interest rates go up one percent, that adds 28 billion dollars to the deficit or to the debt.",1
25393,"But the fact of it is we're so far away from research that even comes close to that, that the Director of Engineering Research at the Defense Department said to get there we would have to solve eight problems, each of which are more difficult than the atomic bomb and the Manhattan project.",1
26999,"I'm sorry, you actually -- there was a -- there was an effort on the part of the president to have a status of forces agreement, and I concurred in that, and said that we should have some number of troops that stayed on.",1
397,Because it's so essential to our economic strength and to our future.,0
1345,If we make the use of a gun in the commission.,0
27766,It means our goods aren't as competitive and we lose jobs.,0
1291,This country uh - changed drastically in 1969 when the uh - terms of John Kennedy and Lyndon Johnson were over and Richard Nixon and - and Gerald Ford became the presidents.,1
21706,In Houston there's been a 15- percent drop in the crime rate in the last year because of the work the mayor did there in increasing the police force.,1
29034,I have not spent the last quarter century in pursuit of personal wealth.,0
2573,"Every school district, every state should make that decision on their own.",0
3501,"One of them was a letter congratulating the great members of the military and allies that had conducted and succeeded in the greatest invasion in history, still to this day, and forever.",1
25186,"There's another, a similar issue out there that relates to your -- it is said, at least, that you were unaware that the Soviet retaliatory power was based on land-based missiles.",1
12142,"Our CHIPS program got a late start because our government meets only four months out of every two years, Mr. Vice President.",1
18464,I don't think he was misleading when he called Iraq a grave threat in the fall of 2002.,0
3504,I've been heavily criticized because I called for the resignation of the chairman of the Securities and Exchange Commission.,1
12752,"Now, when we have a presidential candidate, for example - Senator Kennedy - stating over and over again that the United States is second in space and the fact of the matter is that the space score today is twenty-eight to eight - we've had twenty-eight successful shots, they've had eight; when he states that we're second in education, and I have seen Soviet education and I've seen ours, and we're not; that we're second in science because they may be ahead in one area or another, when overall we're way ahead of the Soviet Union and all other countries in science; when he says as he did in January of this year that we have the worst slums, that we have the most crowded schools; when he says that seventeen million people go to bed hungry every night; when he makes statements like this, what does this do to American prestige?",1
28320,What I want to do is to send flexibility and authority to the local folks so you can choose what to do with the money.,0
16705,I think the Wall Street Journal uh reported not too long ago they have a hundred and twelve public relations experts working for the Federal Energy Agency to try to justify to the American people its own existence.,1
19440,That's what I thought we ought to do.,0
3153,I've also advocated that we stop the sale by Germany and France of - processing plants for Pakistan and Brazil.,1
26686,"Let me say again, we've had over 200 separate trade agreements in the last four years.",1
22556,"Now, the three things they try to say I've changed position on are the Patriot Act; I haven't.",1
14534,Term limits for members of the US Congress.,0
6938,The president just said that government-run health care results in poor quality.,1
2477,"As a matter of fact, free people and free enterprises trying to find ways to do things better are able to be more effective in bringing down the cost than the government will ever be.",0
15798,"Drug counselors out there in the street who are providing help to youngsters who come up to me and others who ask for help and want help, are doing the hard work, the heroic work, which it takes to provide that kind of leadership, that kind of counseling, that kind of support.",0
15282,"We still have the strictest air control, or air pollution laws in the country.",1
30404,"Then he called her ""Miss Housekeeping,"" because she was Latina.",1
3316,This is the first time that I've - remember in the history of our country when we've let a foreign country circumvent or change our Bill of Rights.,1
27825,"Governor Romney, that's not what you said...",1
19203,Wages are goings up for the first time in a decade.,1
27125,"As you hear from intelligence sources even today, the -- the insurgents are highly disparate.",0
1579,"We spend six hundred dollars per person in this country - every man, woman and child - for health care.",1
17330,How would it be resolved when those disputes occur?,0
9819,"There are more people in poverty, one out of six people in poverty.",1
20364,But I also dropped the bottom rate from 15% to 10%.,1
10930,So one of the things that I have said from the start of this campaign is that we have a moral commitment as well as an economic imperative to do something about the health care crisis that so many families are facing.,1
15382,"When a man and a women do the same amount of work, a man gets paid $1.00, a women only gets paid 59 cents.",1
24677,"So I welcome that challenge, and just watch --",0
8587,"Our health program - the one that Senator Javits and other Republican Senators, as well as I supported - is one that provides for all people over sixty-five who want health insurance, the opportunity to have it if they want it.",1
680,"We have very fundamental differences about human rights, democracy and our basic system, our basic view of human beings and of what life is all about.",0
29204,"Now, in all fairness to Secretary Clinton -- yes, is that OK?",0
19100,We cut taxes for 15 million working Americans.,1
32309,The Muslim ban is something that in some form has morphed into a extreme vetting from certain areas of the world.,0
1010,"And then, with the economy that would be generated from a restraint on spending, and a tax uh reduction primarily for the middle-income people, then I think the American people would be willing to make those sacrifices for peace and prosperity in the next uh - four years.",0
8308,We've had a uh - higher tax load from the Treasury for the farmer in the last few years with the lowest farm income in many years.,1
14980,"Let the local entity, the city, declare this particular area, based on the standards of the percentage of people on welfare, unemployed, and so forth, in that area.",0
16239,"And not one thing did I see, with respect, on your network about my views on agriculture, and not one did I read in any newspaper.",0
18479,"I've had one position, one consistent position, that Saddam Hussein was a threat.",0
8326,The farmer produced these surpluses because the government asked him to through legislation during the war.,1
10151,"Because if there's a two parent family, the prospect of living in poverty goes down dramatically.",1
19454,It's being used in 17 states right now.,1
6952,We're aligning facilities where the veterans live now.,1
28187,"There is an issue with the uninsured, there sure is.",0
12773,The s- I believe the Soviet Union is first in outer space.,0
10439,I think everybody knows now we are in the worst financial crisis since the Great Depression.,1
23010,That's why I will never stop at anything to hunt down and kill the terrorists.,0
1785,"And by giving them those tax cuts, they had a little more money in their pocket, and so maybe they can buy a new car.",0
25562,"And in the meantime, we have to be strong enough to make certain that the Soviet Union never tempts us.",0
21809,A hundred thousand Americans a month have lost their health insurance just in the last 4 years.,1
17791,It would go into the Social Security Trust Fund.,1
8749,"According to one study that was published a short time ago - the Harvard Business School study - indicated that just in the commercial sector alone of the economy, we could save between 30% and 40% of the energy that we consume in this country today.",1
23329,"I mean, these aren't make-up figures.",1
14088,What I want America to do is to trade more but to compete and win by investing in competitive ways.,0
21406,But I just find it fascinating that while we sit here tonight we will go into debt an additional $50 million in an hour and a half.,1
14426,We did try to bring Saddam Hussein into the family of nations; he did have the 4th largest army.,1
34447,"We take care of illegal immigrants, people that come into the country illegally, better than we take care of our vets.",1
6136,"If you notice that in all of this proposal, Senator -- government wants -- Senator Obama wants government to do the job.",1
32926,I'm shocked to hear that.,0
21619,That's the problem with our system.,0
5945,"That's an example of, I think, the kind of use of the scalpel that we want to make sure that we're funding some of those programs.",0
135,"Paul Tsongas, a liberal senator from Massachusetts said the dumbest thing I did was to oppose the capital gains cut.",1
22596,"You remember we increased that child credit by $1,000, reduced the marriage penalty, created a 10 percent tax bracket for the lower-income Americans.",1
27937,The federal government didn't hire our teachers.,1
11238,Georgia in particular is now on the brink of enormous economic challenges.,0
16279,"We want to work with them and build a new relationship, and they with us.",0
3450,"And, Jim, I -- I've been not feeling too great about a lot of things lately.",0
230,But we have not had the kind of leadership we should have had.,0
26961,"And, of course, Iran on the path to a nuclear weapon, we've got real (inaudible).",1
15399,"In addition to that, I believe that this element of discrimination is something that the South has seen so vividly as a blight on our region of the country which has now been corrected - not only racial discrimination but discrimination against people that have to work for a living - because we have been trying to pick ourselves up by our bootstraps, since the long depression years, and lead a full and useful life in the affairs of this country.",1
23917,"Say, ""I made a terrible mistake.""",0
14403,"We later said no, that's not true.",1
13710,"4th in manufacturing jobs, 4th in the reduction of poverty, 4th in income increase.",1
27729,"In fact, just recently steelworkers in Ohio and throughout the Midwest -- Pennsylvania -- are in a position now to sell steel to China because we won that case.",1
14984,I think there are things to do in this regard.,0
32416,"Her papers went out to all her friends at the banks, Goldman Sachs and everybody else, and she said things -- WikiLeaks that just came out.",1
3765,"Not only -- Even if we get all $700 billion back, let's assume the markets recover, we're holding assets long enough that eventually taxpayers get it back and that happened during the Great Depression when Roosevelt purchased a whole bunch of homes, over time, home values went back up and in fact government made a profit.",1
9825,The president wants to do well.,0
17682,"If these young Americans don't have the skills that make them attractive to employees, they're not going to get jobs.",0
14952,We've had the Central Accounting.,1
10156,They used those weapons against -- against their own citizens and killed Americans with them.,1
13526,"Guinea and Ghana, two independent countries within the last three years - Guinea in fifty-seven, Ghana within the last eighteen months - both now are supporting the Soviet foreign policy at the U.N. Mr. Herter said so himself.",1
24111,I believe what you need to do is some of what Ross is talking about: control the growth of mandatory spending and get taxes down.,0
3965,And this area on the border has not been governed since the days of Alexander the Great.,1
7462,I think people understand what she's saying.,0
28604,"And yes, farmers are the first environmentalists.",0
27501,"You know, because of the intelligence coordination that we do with a range of countries, including Israel, we have a sense of when they would get breakout capacity, which means that we would not be able to intervene in time to stop their nuclear program.",1
27340,"Number two, we take some programs that we are doing to keep, like Medicaid, which is a program for the poor; we'll take that healthcare program for the poor and we give it to the states to run because states run these programs more efficiently.",1
14030,"Now, Japanese couldn't unload the cars in this country if they had the same restrictions we had, and on and on and on and on and on.",1
3151,"Only the last few days with the election approaching, has Mr. Ford taken any interest in a nonproliferation movement.",0
6672,There are companies that wanted to petition the administration.,0
7238,And that would relieve an enormous amount of pressure.,0
21045,"And as for the surest way to threaten our prosperity, having a $1.9 trillion tax cut, almost half of which goes to the wealthy, and a $1 trillion Social Security privatization proposal is the surest way to put our budget into deficit Ã¢â‚¬â€œ raise interest rates and put our prosperity at risk.",1
26318,I'm going to keep my word to the American people.,0
21107,But even before then the problem hits because the money contributed to Social Security this year is an entitlement.,0
10697,"So when Senator McCain proposes a $300 billion tax cut, a continuation not only of the Bush tax cuts, but an additional $200 billion that he's going to give to big corporations, including big oil companies, $4 billion worth, that's money out of the system.",1
31849,"I want us to heal our country and bring it together because that's, I think, the best way for us to get the future that our children and our grandchildren deserve.",0
7663,"Now there are other places where the executive can lead, but let me just sum up by saying this: why do I talk every time I'm in the South on civil rights?",0
15871,They're not left or right.,0
6464,Only 95 percent of them -- 95 percent come in today uninspected.,1
26313,"But I must say I'm a little offended by this word ""scheme.""",0
8732,have leased only 2% of the possible.,1
26260,I've always been against them.,1
13678,"Let me remind you it was a Democratic tax increase, and I didn't want to do it and I went along with it.",1
19141,"But I have worked hard for things like the Family and Medical Leave Law, the Brady Bill, the assault weapons ban, the program to put 100,000 police on the street.",1
3021,I think under those circumstances they would refrain from pushing us to our knees as they did in 1973 with their previous oil embargo.,1
24710,I have one difference with Mr. Perot on that because I don't think we need to touch Social Security.,0
21192,"As a matter of fact, I read in the ""New York Times"" where he said he co-sponsored the McCain-Feingold Campaign Fundraising Bill.",1
23406,There is a tax loophole right now.,1
30091,"You know, they responded so quickly, so professionally to the attacks that occurred by Rahami.",0
14640,"We got a big philosophical difference here tonight between one who thinks the government can do all these things through tax and spend, and one who thinks it ought to go the other way.",0
17989,"In Iraq, we saw a threat, and we realized that after September the 11th, we must take threats seriously, before they fully materialize.",1
19840,But Senator Dole has consistently opposed Federal help to education.,1
2061,"When it comes to corporate taxes, Governor Romney has said he wants to, in a revenue neutral way, close loopholes, deductions -- he hasn't identified which ones they are -- but that thereby bring down the corporate rate.",1
20796,This is a man whose plan excludes 50 million Americans.,1
10285,That's why exports have significantly increased under my presidency.,1
19864,"And let me just say that budget that you passed that I vetoed would have cut 50,000 kids out of Headstart.",1
30054,"But we have to be cognizant of the fact that they've had foreign fighters coming to volunteer for them, foreign money, foreign weapons, so we have to make this the top priority.",1
3502,"And he wrote out another letter, and that was a letter of resignation from the United States Army for the failure of the landings at Normandy.",0
4389,"There are some advantages to experience, and knowledge, and judgment.",0
14500,But very specifically the key thing is to turn the government back to the people and take it away from the special interests and have people go to Washington to serve.,0
20776,Now you tell me who stands on the side of the fence.,0
26933,"Keep in mind that I and Americans took leadership in organizing an international coalition that made sure that we were able to, without putting troops on the ground at the cost of less than what we spent in two weeks in Iraq, liberate a country that had been under the yoke of dictatorship for 40 years.",1
32479,We're getting rid of regulations which goes hand in hand with the lowering of the taxes.,0
11963,What it says is that gays and lesbians can't be fired from their job because they're gay or lesbian.,1
5807,"Of course, I've talked to people like Joe the plumber and tell him that I'm not going to spread his wealth around.",0
7659,I've heard them explain - try to explain - how they tell their children how they can go into a store and buy a loaf of bread but then can't go into that store and sit at the counter and get a Coca Cola.,0
13990,He says on the one hand I am for it and on the other hand I may be against it.,1
26623,"And Social Security is not enough for a lot of people to live on, or at least is not enough for them to maintain anything like their previous lifestyle.",0
14422,"But in late '89 the president signed a secret policy saying we were going to continue to try to improve relations with him, and we sent him some sort of communication on the eve of his invasion of Kuwait that we still wanted better relations.",1
20085,"Well, I'd say the first homeless bill in the Senate was the Dole-Byrd Byrd-Dole bill, I can't remember who was in control then.",1
16608,Our country now has no comprehensive energy program or policy.,1
9610,Let's give the money directly to students.,0
30364,And I don't believe she does have the stamina.,0
16140,"That's where we ought to go, and those are the programs we ought to review first.",0
24453,"I think the president owes it to family values to show that he values America's families, whether they're people on welfare you're trying to move from welfare to work, the working poor whom I think deserve a tax break to lift them above poverty if they've got a child in the house and working 40 hours a week, working families who deserve a fair tax system and the opportunity for constant retraining; they deserve a strong economy.",0
1580,We still rank fifteenth among all the nations of the world in infant mortality.,1
25432,But when you keep star-warring it -- I never suggested where the weapons should be or what kind; I'm not a scientist.,0
25605,"That lesson tells us two things: One, pick a President that you know will know if that tragic moment ever comes what he must know, because there'll be no time for staffing committees or advisers.",0
19826,And I try to do a lot of things that I think might be helpful to people.,0
29170,"I call it trumped-up trickle-down, because that's exactly what it would be.",0
18821,"We helped stabilize the situation with some troops, and when the African Union came, we moved them out.",1
4403,"Well, let me just make a closing point.",0
30421,I was going to say something...,0
1364,I - I think it's accurate to say that Mr. Ford's position on gun control has changed.,1
2811,This is one instance where I agree with - with the Republican platform.,0
1846,"But I have said that for incomes over $250,000 a year, that we should go back to the rates that we had when Bill Clinton was president, when we created 23 million new jobs, went from deficit to surplus, and created a whole lot of millionaires to boot.",1
18675,Thirty-five to forty countries in the world had a greater capability of making weapons at the moment the president invaded than Saddam Hussein.,1
3156,"Mr. Ford, again, under pressure from the atomic energy lobby, has insisted that this reprocessing or rather re-en- enrichment be done by private industry and not by the existing uh - government uh - plants.",1
11226,"And so, of course we want to bring international pressures to bear on Russia in hopes that that will modify and eventually change their behavior.",0
28781,What I cared about is could we work together.,0
33868,And I really want to just talk about something slightly different.,0
15819,"And he is leaving office with a popularity at an all-time high, because American people",1
15394,"Howard, I'm a Southerner, and I share the basic beliefs of my region that an excessive government intrusion into the private affairs of American citizens and also into the private affairs of the free enterprise system.",0
9195,"But if you calculated that unemployment rate, taking back the people who dropped out of the workforce, it would be 10.7 percent.",1
29242,And $13 trillion in family wealth was wiped out.,1
29005,The reason Social Security -- he says it gets 2%.,1
28340,"Look, the problem is that under Governor Bush's plan, $1.6 trillion tax cut, mostly to the wealthy, under his own budget numbers, he proposes spending more money for a tax cut just for the wealthiest 1% than all the new money he budgets for education, health care and national defense combined.",1
13081,That has been reinforced by direct commitments of the president of the United States; it's been reinforced by a number of other nations under NATO.,1
1455,"With all due respect to President Ford, I think he ought to be ashamed of mentioning that statement, because we have the highest unemployment rate now than we had at any time between the Great Depression caused by Herbert Hoover and the time President Ford took office.",1
12487,"I'm asking for your vote, and God bless.",0
25458,"And I support the air launch cruise missile, the ground launch cruise missile, the Pershing missile, the Trident submarine, the D - 5 submarine, Stealth technology, the Midgetman -- we have a whole range of technology.",1
18706,"My attitude is you take preemptive action in order to protect the American people, that you act in order to make this country secure.",0
17368,"Well, tonight we had the first debate over the deficit.",0
1189,"I don't think that's a proper way to describe aayuh- chairman of the Joint Chiefs of Staff who has fought for his country for thirty-five years, and I'm sure the governor would agree with me on that.",0
27145,"And we have put significant pressure on them to make sure they're doing that; to recognize the rights of women, which is critical throughout the region.",1
3944,"And that is a strategic mistake, because every intelligence agency will acknowledge that Al Qaida is the greatest threat against the United States and that Secretary of Defense Gates acknowledged the central front -- that the place where we have to deal with these folks is going to be in Afghanistan and in Pakistan.",1
34280,We've had millions of people leave Syria and those millions of people inside Syria who have been dislocated.,1
29661,"But on occasion, four times, we used certain laws that are there.",1
17031,"In the second century of our nation's history, our forefathers developed the most productive industrial nation in the history of the globe.",0
9575,Because I'm offsetting some of the reductions with holding down some of the deductions.,0
18828,"Well, first of all, I admire Senator Kerry's service to our country.",0
33988,We've got them all out there.,1
3333,"This is something that we can do; the Congress failed to do it, and we intend to do it.",1
16711,Now we've increased that amount 25 percent.,1
10595,"Well, look, I understand your frustration and your cynicism, because while you've been carrying out your responsibilities -- most of the people here, you've got a family budget.",0
28714,I've been involved myself in negotiating and helping to move along the negotiations with the Internet service providers to get a parents' protection page every time 95% of the pages come up.,1
2416,What you did instead was to push through a plan without a single Republican vote.,1
20729,"Look, we've got the biggest surpluses in all of American history.",1
27298,Fourth graders and eighth graders are tested in English and math.,0
8344,"I have met with the President when he made the great decisions with regard to Lebanon, Quemoy and Matsu, other matters.",0
21547,Ross had his hand up.,0
15097,"These are just ideas of what I would think of if I were in that position and had access to the information, and which I would know all the options that were open to me.",0
3091,But I can guarantee it will not come if Gerald Ford is reelected and this present policy is continued; it will come if I'm elected.,0
6301,He put forward No Child Left Behind.,1
30160,The record does not show that.,1
8300,I think the experience of the twenties has shown what a free market could do to agriculture.,1
13151,"One of my disagreements with the present Administration has been that I don't feel a real effort has been made an this very sensitive subject, not only of nuclear controls, but also of general disarmament.",1
29716,"In Chicago, they've had thousands of shootings, thousands since January 1st.",1
4351,"That wasn't proven when Ronald Reagan said we would do SDI, which is missile defense.",1
3341,"One of the uh - most embarrassing uh - failures of the Ford administration, and one that touches specifically on human rights, is his refusal to appoint a presidential commission to go to Vietnam, to go to Laos, to go to Cambodia and try to trade for the release of information about those who are missing in action in those wars.",1
23919,The Commander-in-Chief was organizing demonstrations halfway around the world during another era.,0
9203,"And I know he keeps saying, you want to take Detroit bankrupt.",0
27807,And we're organizing trade relations with countries other than China so that China starts feeling more pressure about meeting basic international standards.,1
25719,"We should give a tax cut, targeted to child rearing and education, to buying a first home and paying for health care.",0
13518,"Three, a Gallup Poll taken in February asked people in ten countries which country they thought would be first in 1970, both scientifically and militarily.",1
19483,Senator Dole led the fight against the Brady Bill.,1
3567,"Now, $18 billion is important; $300 billion is really important.",0
19342,"That's what Speaker Gingrich and Senator Dole did, not me.",1
24839,"Mine for foreign affairs is democracy and freedom, and look at the dramatic changes around the world.",0
14729,We're living in an interconnected world.,0
17089,"It is true that earlier, working with some very prominent economists, I had come up, during the campaign, with an economic program that I thought could rectify the great problems confronting us -- the double-digit inflation, the high tax rates that I think were hurting the economy, the stagflation that we were undergoing.",1
10743,That's something that all of us have to be involved with and that requires some leadership from Washington.,0
25225,This is the first administration since the bomb went off that made no progress.,1
28519,"There may be some moments when we use our troops as peacekeepers, but not often.",1
26009,"It's obvious that there are certain things that have to be done and there are 50 or 60 different options, and a bipartisan commission to take it out of politics, will make recommendations and build support for the people.",0
8278,I would only suggest that while we do not take the credit for it - I would not presume to - that since that committee has been formed the price line has been held very well within the United States.,1
22586,"I can -- and thanks, Washington U. as well.",0
17414,The year that he decided we had lost our way was the year that John F. Kennedy was running against Richard Nixon.,1
12967,That was more than we had offered to all of Africa before from the federal government.,1
6639,"The jobs that are being created in Arizona right now are paying about $13,700 less than the jobs that we're losing.",1
20754,There is a huge difference in this campaign.,0
25600,"Since we debated 2 weeks ago, the United States and the Soviet Union have built a hundred more warheads, enough to kill millions of Americans and millions of Soviet citizens.",1
29877,I prepared to be president.,0
1065,"We have seen on Capitol Hill, in the Congress, uh - a great many uh - allegations of wrong-doing, of uh - alleged immorality, uh - those are very disturbing to the American people.",0
10557,And I never promoted Fannie Mae.,1
9062,I'm not running for the Presidency because I believe that I can solve the problems we've discussed tonight.,0
10669,"My friends, some of this $700 billion ends up in the hands of terrorist organizations.",1
32569,"I mean, her and Obama, whether you like it or not, the way they got out of Iraq, the vacuum they've left, that's why ISIS formed in the first place.",1
3603,"John, nobody is denying that $18 billion is important.",0
26484,"In San Diego where we had some defense cutbacks, we funded a project for the University of California San Diego to use airplane composite materials to build lighter, stronger bridges, a little project in a program that Senator Dole opposed.",1
24446,"A good family is a place where love and discipline and good values are transmuted (sic) from the elders to the children, a place where people turn for refuge, and where they know they're the most important people in the world.",0
3373,We can be once again.,0
29917,"But just like she can't bring back jobs, she can't produce.",0
15577,"He says he's not going to raise taxes, though he has broken that pledge repeatedly.",1
24514,"And the reason is crack babies being born, babies in the hospital 42 days.",1
31924,"Right now, other nations are taking our jobs and they're taking our wealth.",1
26554,There was a big story I think in U.S.A. Today of the millions of people who have now registered because of it.,1
16710,When Mr. Nixon made his famous uh speech on Operation Independence we were importing about 35 percent of our oil.,1
17586,It had several tax increases phased in over a period of time -- there are two more yet to come between now and 1989.,1
23603,Will a woman's right to choose be protected?,0
23248,And most of that tax cut went to the wealthiest people in the country.,1
6706,"Bob, anybody can play with these votes.",0
28659,"If you're from Washington, you want to pick and choose winners.",0
9538,He also wants to continue the Bush tax cuts for the wealthiest Americans.,1
28960,So this is a show me state.,0
10797,"If you make $200,000 a year or less, your taxes will go down.",1
22100,"Since I became president, 43, 44 countries have gone democratic, no longer totalitarian, no longer living under dictatorship or communist rule.",1
27471,"And of course, a military action is the last resort.",0
32762,"I don't think American troops should be holding territory, which is what they would have to do as an occupying force.",0
7605,"Thirdly, Arthur Gardner, a Republican Ambassador, Earl Smith, a Republican Ambassador, in succession - both have indicated in the past six weeks that they reported to Washington that Castro was a Marxist, that Raul Castro was a Communist, and that they got no effective results.",1
18432,I just described the coalition.,0
13460,"Now, as far as my position then is concerned, it is exactly opposite to the Senator's.",0
17861,By 1980 that same person was $500 below the poverty line.,1
12278,He is right that I'm not in favor of energy taxes.,1
13173,"Now, just a comment on Senator Kennedy's last answer.",0
23666,And as I said: You can run but you can't hide the reality.,0
22020,That's what the election's about.,0
20103,"We're number one in autos again, record numbers of new small businesses.",1
8125,I'm not satisfied when the United States had last year the lowest rate of economic growth of any major industrialized society in the world.,1
13712,Over the last 5 years our income has grown more rapidly than the national average.,1
1169,"And we won the nomination by going out into the streets - barbershops, beauty parlors, restaurants, stores, in factory shift lines also in farmers' markets and livestock sale barns - and we talked a lot and we listened a lot and we learned from the American people.",0
28911,"But my job is to ask two questions, sir.",0
25816,"You were trying to defend your cut which was not a cut either, Reduction in the growth of spending.",0
5616,"Every dollar that I've proposed, I've proposed an additional cut so that it matches.",1
29993,And we're going to have to make it clear that we don't want to use the kinds of tools that we have.,0
27997,I'd like to be that leader with your support.,0
21561,I've worked on these things for 12 years and I'm the only person up here who hasn't been part of Washington in any way for the last 20 years.,1
14246,That's having a government from the people.,0
21336,"And, as I say, we've had tough economic times, and it's exports that have saved us, exports that have built.",0
31860,"When I watch the deals being made, when I watch what's happening with some horrible things like Obamacare, where your health insurance and health care is going up by numbers that are astronomical, 68 percent, 59 percent, 71 percent, when I look at the Iran deal and how bad a deal it is for us, it's a one-sided transaction where we're giving back $150 billion to a terrorist state, really, the number one terror state, we've made them a strong country from really a very weak country just three years ago.",1
27551,"And when I went to Israel as a candidate, I didn't take donors.",1
3060,In the Far East I think we need to continue to be uh - strong and uh - I would certainly uh - pursue the uh - normalization of uh - relationships with the People's Republic of China.,0
949,I want to see asymmetrical reductions in conventional forces.,0
23457,The Wall Street Journal said 96 percent of small businesses are not affected at all by my plan.,1
17023,"Governor Carter has embraced the record of the present Congress, dominated by his political party.",1
3158,We now have five nations that have atomic bombs that we know about.,1
11738,"And, you know, we can't be -- we can't allow ourselves to get overextended.",0
17424,"Before I campaigned as a Democrat for a Republican candidate for President, I had already voted for Dwight Eisenhower to be President of the United States.",0
9324,"Governor, we have actually produced more oil --",1
1612,"But more importantly, let the people in our own country realize that we still live in the greatest nation on earth.",0
25235,You must be tough and smart.,0
21493,I also had a program starting last year.,1
25088,"In Lebanon, this President exercised American power, all right, but the management of it was such that our marines were killed, we had to leave in humiliation, the Soviet Union became stronger, terrorists became emboldened.",1
30316,It's also important that we look at the entire global situation.,0
26281,It shouldn't be that way.,0
7314,"No, Bob, regrettably, we have not moved far enough along.",0
15283,"As for offshore oiling, only 2% now is so leased and is producing oil.",1
29965,"Because I settled that lawsuit with no admission of guilt, but that was a lawsuit brought against many real estate firms, and it's just one of those things.",1
3987,"Now, I think that's the right strategy; I think that's the right policy.",0
30254,"But they should be paying us, because we are providing tremendous service and we're losing a fortune.",1
20090,"President Clinton ran for governor in 1990 and said he's going to fill out his term, but he didn't.",1
25504,"And the promise of the revolution was democracy, human rights, free labor unions, free press.",1
32271,Look at that horrible -- these are radical Islamic terrorists.,1
24069,It finally gets to 50 cents at the end of the 5th year.,1
26954,"But what's been happening over the last couple of years is, as we've watched this tumult in the Middle East, this rising tide of chaos occur, you see Al Qaida rushing in, you see other jihadist groups rushing in.",1
947,We've achieved an arms control agreement that our critics thought was never possible and I want to build on it.,1
19841,"He voted against student loans; he voted against my improved student loan plan; he voted against the National Service bill, against the HeadStart bill; he voted against our efforts in safe and drug-free schools.",1
14963,In California - I'm surprised Governor Reagan brought this up - he had the three largest tax increases in the history of that state under his administration.,1
19415,Even though I have consistently opposed the legalization of drugs all my public life and worked hard against them.,1
23011,But you heard the president just say to you that we've added money.,1
21423,And everybody says they take responsibility.,0
13307,We can't have any test of race.,0
13267,The reason Indochina was preserved was the result of the Geneva Conference which Indochina.,1
32168,"But if we repeal it, as Donald has proposed, and start over again, all of those benefits I just mentioned are lost to everybody, not just people who get their health insurance on the exchange.",1
26616,So we need to preserve the system.,0
6528,This really underscores the problem with the American health-care system.,0
18655,"That's the enemy that is now in 60 countries, with stronger recruits.",1
27681,It's important for the success of Afghanistan.,0
1710,"Well, let me talk specifically about what I think we need to do.",0
14334,"Well, where are the papers?",0
15521,"He, unlike my opponent, is an expert in national defense; helped amend the INF treaty so we got a good, sound treaty, when these people over here were talking about a freeze.",1
23274,The president broke the pay-as-you-go rule.,1
21613,There's going to be a new Congress because the old one -- I don't want to get this man made at me -- but there was a post office scandal and a bank scandal.,1
3812,"And thanks to this great general, David Petraeus, and the troops who serve under him, they have succeeded.",0
8664,"Let me tell you that I, first of all, oppose an election year tax cut, whether it is the 10% across-the-board tax cut promised to the taxpayers by my opponent in this debate tonight, or whether it is the $27.5 billion tax cut promised on the 20th of August by President Carter.",1
13895,The Natl Science Foundation did a study which said it would be difficult for us to reach fuel efficiency standards in excess of 37 miles per gallon by the year 2000.,1
27214,"So, we have to make decisions based upon uncertainty, and that means a strong military.",0
32963,"I want to appoint Supreme Court justices who understand the way the world really works, who have real-life experience, who have not just been in a big law firm and maybe clerked for a judge and then gotten on the bench, but, you know, maybe they tried some more cases, they actually understand what people are up against.",0
21564,I'm just as sick as you are by having to wake up and figure out how to defend myself every day.,0
9450,Middle-income people are going to get a tax break.,1
16741,"These kinds of things uh - ought to be done, uh they ought to be encouraged and supported, and even required uh by the government, yes.",0
15517,"He had two terms in the Senate, serving his second term.",1
27466,His words amount to genocide incitation.,0
7893,"I submit to you that as you look at his programs, his program for example with regard to the Federal Reserve and uh - free money or loose money uh - high - low interest rates, his program in the economic field generally are the programs that were adopted and tried during the Truman Administration.",1
10499,Meg Whitman was CEO of a company that started with 12 people and is now 1.3 million people in America make their living off eBay.,1
27301,First time one state had been number one in all four measures.,1
3430,How's it going to affect my house?,0
14068,"We hammerlock the American companies -- American Airlines, Delta -- the last few great we have, because we're trying to do this deal with these 2 European companies.",1
19684,"Unfortunately, a lot of people, have never been as concerned about the Kurds as the United States has tried to be, and we've been flying an operation to protect them out of Turkey for many years now.",1
29709,And we need law and order.,0
11047,"So one of the difficulties with Iraq is that it has put an enormous strain, first of all, on our troops, obviously, and they have performed heroically and honorably and we owe them an extraordinary debt of gratitude.",0
13382,And I would also point out that Senator Kennedy left out a part of the cost of that program - a twenty-five percent rise in food prices that the people would have to pay.,1
29023,I would like to tell you something about me.,0
34395,"It's -- the premiums are going up 60 percent, 70 percent, 80 percent.",1
28550,"That's why I'm for instant background checks at gun shows, I'm for trigger locks, I think that makes sense.",0
8431,"But, as Senator Kennedy said in January of this year in this same press conference, the way that you get higher salaries for teachers is to support school construction, which means that all of the local school districts in the various states then have money which is freed to raise the standards for teachers' salaries.",1
12143,It may come as a shock for somebody who has been in Washington for so long.,0
11219,"He has gradually repressed most of the liberties that we would expect for nations to observe, and he has exhibited most aggressive behavior, obviously, in Georgia.",0
23454,"But what you can do is create a fair playing field, and that's what I'm talking about.",0
27601,"And the last conversation she had with her father was him calling from the twin towers, saying ""Peyton (ph), I love you and I will always watch over you.""",0
14434,"Yes, we had grain credits for Iraq, and there isn't any evidence that those grain credits were diverted into weaponry -- none, none whatsoever.",1
8028,But I do not believe that that line in case of war should be drawn on those islands but instead on the island of Formosa.,0
15576,"And what I'm concerned about is that if we continue with the policies that Mr. Bush is talking about here this evening, the flexible freeze somebody described it the other day as a kind of economic slurpee he wants to spend billions on virtually every weapons system around.",0
21035,"His targeted tax cut is so detailed, so much fine print that it is going to require numerous IRS agents.",0
27978,The president's path will mean continuing declining in take-home pay.,1
22623,"But as we learned in the same report I quoted, Saddam Hussein was gaming the oil-for-food program to get rid of sanctions.",1
32306,"First of all, Captain Khan is an American hero, and if I were president at that time, he would be alive today, because unlike her, who voted for the war without knowing what she was doing, I would not have had our people in Iraq.",1
25804,We have protected 25 million people through the passage of the Kennedy-Kassebaum bill that says you can use your health insurance if you change jobs or someone in your family has been sick.,1
24637,And we could be moving out to the human population a whole lot faster than we are on some of these new drugs.,0
5712,He voted for the energy bill that was full of goodies for the oil companies that I opposed.,1
34248,"And everyone thought he was gone two years ago, three years ago.",0
8140,He has about uh - four times as much chance that he'll be out of work in his life as the white baby.,1
13218,"Mr. Nixon would add a guarantee to islands five miles off the coast of the re- Republic of China when he's never really protested the Communists seizing Cuba, ninety miles off the coast of the United States.",1
11159,"This is the person who, after we had -- we hadn't even finished Afghanistan, where he said, ""Next up, Baghdad.""",1
24156,We've given away whole industries.,1
1187,"I don't mean to be critical of uh - Senator Mondale, but uh - I was uh - very, very surprised when I read that uh - Senator Mondale made a very derogatory, very personal comment about General Brown uh - after the news story that uh - broke about General Brown.",0
9176,It also means we're helping them and small businesses to export all around the world to new markets.,1
22017,You've got some pretty strong-willed guys up there that argue with you.,0
21249,"For those of you making up your mind, I would be honored to have your support.",0
16968,"This was an effort that was made by the attorney general and myself, working with the Congress.",1
1968,"When I walked into the Oval Office, I had more than a trillion-dollar deficit greeting me.",1
6708,I have supported or voted for tax cuts over 600 times.,1
14453,We also want to say that insofar as is humanly possible the banking industry itself should pay for the cost of any bank failures; the taxpayers should not.,0
13334,"Because in this critical year - period of the sixties we've got to move forward, all Americans must move forward together, and we have to get the greatest cooperation possible between labor and management.",0
2904,Nobody has that except a president who has served a long time or a secretary of state.,0
17288,This nation is the most religious nation on Earth -- more people go to church and synagogues than any other nation on Earth -- and it's because we kept the politicians and the state out of the personal exercise of our faith.,1
509,"We have a great many people, hundreds of thousands of people living on public assistance in this country.",1
32776,So I think that could help.,0
3766,"If we're lucky and we do it right, that could potentially happen but in the short term there's an outlay and we may not see that money for a while.",0
3566,"Senator McCain is proposing -- and this is a fundamental difference between us -- $300 billion in tax cuts to some of the wealthiest corporations and individuals in the country, $300 billion.",1
7198,The president reneged on his promise to fund No Child Left Behind.,1
30101,"They need to have close working cooperation with law enforcement in these communities, not be alienated and pushed away as some of Donald's rhetoric, unfortunately, has led to.",0
3939,And we are seeing a major offensive taking place -- Al Qaida and Taliban crossing the border and attacking our troops in a brazen fashion.,1
15099,"First of all, I would be fearful that I might say something that was presently under way or in negotiations, and thus expose it and endanger the hostages, and sometimes, I think some of my ideas might require quiet diplomacy where you don't say in advance, or say to anyone, what it is you're thinking of doing.",0
28063,We're one of the first states that said you can sue an HMO for denying you proper coverage.,1
7780,"And therefore we passed an authorization - not an aid bill - which was the first time, really, since the Inter-American Bank which was founded a year ago was developed, that we really have looked at the needs of Latin America; that we have associated ourselves with those people.",1
6743,"You know, Congress passed a law called DOMA, the Defense of Marriage Act.",1
21103,My plan is Social Security plus.,0
3215,"But because Arab nations and the Israelis trust the United States, we were able to take the lead in the Sinai II Agreement.",1
14362,For most of my time as governor a woman was my chief of staff.,1
8347,Sometimes my advice has been taken.,0
7825,It also exists among minority groups.,1
29564,"Or maybe he doesn't want the American people, all of you watching tonight, to know that he's paid nothing in federal taxes, because the only years that anybody's ever seen were a couple of years when he had to turn them over to state authorities when he was trying to get a casino license, and they showed he didn't pay any federal income tax.",1
17232,"So, if he'd had his way, there wouldn't have been any housing project there at all.",0
26025,Now last week I guess it was Donna Shalala said well we'll cut Medicare a hundred billion and appoint a commission.,1
23546,To destroy life to save life is -- it's one of the real ethical dilemmas that we face.,0
14874,"I think, habitually, Governor Reagan has advocated the injection of military forces into troubled areas, when I and my predecessors - both Democrats and Republicans - have advocated resolving those troubles in those difficult areas of the world peacefully, diplomatically, and through negotiation.",0
23386,The quality of the air is cleaner since I've been the president of the United States.,1
3704,Senator Obama has the most liberal voting record in the United States Senate.,1
15724,"I think you know because you've covered these issues, that there's no way that we can build all of the weapons the Vice President says he wants to build within the defense budget.",1
18439,"Now, he misled the American people in his speech when he said we will plan carefully.",1
16762,Our analysis indicates that something in the magnitude of about one hundred fifty to two hundred thousand jobs would uh - be made available.,1
27038,"And so what I've done throughout my presidency and will continue to do is, number one, make sure that these countries are supporting our counterterrorism efforts.",0
28371,"And therefore, wealthy people are going to get it.",0
12778,"And that they are bad, and we ought to do something about them, and we ought to support housing legislation which this Administration has opposed.",0
26920,"We're going to have to put in place a very comprehensive and robust strategy to help the -- the world of Islam and other parts of the world, reject this radical violent extremism, which is -- it's certainly not on the run.",0
17097,"In the last 21 months, more than 6 million people have gotten jobs -- there have been created new jobs for those people to where there are now 105 million civilians working, where there were only 99 million before; 107, if you count the military.",1
2381,"I just don't know how the president could have come into office, facing 23 million people out of work, rising unemployment, an economic crisis at the -- at the kitchen table, and spend his energy and passion for two years fighting for Obamacare instead of fighting for jobs for the American people.",1
13830,I think the General Motors thing is very relevant.,0
7146,And we had an initiative that we were working on to raise women's pay.,1
24408,It is America that's in the lead in helping with humanitarian relief for Somalia.,1
21811,"Number one, we spend at least $60 billion a year on insurance, administrative cost, bureaucracy, and government regulation that wouldn't be spent in any other nation.",1
29741,It was taken away from her.,1
21699,I also think we should have frankly restrictions on assault weapons whose only purpose is to kill.,0
17327,But do we want a constitutional amendment adopted of the kind proposed by the President that gets the local politicians into the business of selecting prayers that our children must either recite in school or be embarrassed and asked to excuse themselves?,0
24075,"I know it's not popular, and I understand the nature of your question.",0
3287,"He was furious because he told me that it was the action of me, President Ford, that saved the lives of the crew of the Mayaguez.",1
2253,Let's get back to Medicare.,0
29671,"Under budget, ahead of schedule, saved tremendous money.",1
24700,"A lot of folks on Medicare are out there every day making the choice between food and medicine; not poor enough for Medicare-Medicaid, not wealthy enough to buy their medicine.",1
14421,Several government departments -- several -- had information that he was converting our aid to military purposes and trying to develop weapons of mass destruction.,1
914,"I mean, there are enormous opportunities out there to expand markets and to build a strong future for our farmers.",0
4100,"Here is Ahmadinenene (ph), Ahmadinejad, who is, Ahmadinejad, who is now in New York, talking about the extermination of the State of Israel, of wiping Israel off the map, and we're going to sit down, without precondition, across the table, to legitimize and give a propaganda platform to a person that is espousing the extermination of the state of Israel, and therefore then giving them more credence in the world arena and therefore saying, they've probably been doing the right thing, because you will sit down across the table from them and that will legitimize their illegal behavior.",1
3650,"It had all kinds of breaks for the oil companies, I mean, billions of dollars worth.",1
28968,You were promised a middle-class tax cut in 1992.,1
32367,"Hillary Clinton, in terms of having people come into our country, we have many criminal illegal aliens.",1
33378,But Hillary Clinton wanted the wall.,1
31940,"We saw him after the first debate spend nearly a week denigrating a former Miss Universe in the harshest, most personal terms.",1
33059,But the Middle East still controls a lot of the prices.,1
7661,"So, under the circumstances, what do we do?",0
18179,"The president -- 95 percent of the containers that come into the ports, right here in Florida, are not inspected.",1
32721,Let me tell you something.,0
8766,And that additional 15 million barrels is going to cause scarcity.,0
2364,"A woman came to me and she said, look, I can't afford insurance for myself or my son.",0
11488,I'm going to stand by Israel.,0
33103,"Well, I consider her statement about my children to be a very nice compliment.",0
19984,When they raise your taxes nobody runs around asking people where are you going to get the extra money.,0
8827,"The initial cost is about $54 billion, and then when you add in the additional costs - not only the construction of the system, the missiles and the personnel, and so on - when you add in the additional costs over the lifecycle of that system, over $100 billion.",1
7167,Many inner-city kids just move through.,1
24071,"Again, see, I didn't create this problem.",1
1671,"I think it's important for us to develop new sources of energy here in America, that we change our tax code to make sure that we're helping small businesses and companies that are investing here in the United States, that we take some of the money that we're saving as we wind down two wars to rebuild America and that we reduce our deficit in a balanced way that allows us to make these critical investments.",0
12973,We can no longer afford to be second best.,0
1456,We've got seven and a half million people out of jobs.,1
25698,"But in any event, I understand the problems.",0
13282,I merely say that the United States should meet its commitments to Que- to uh - Formosa and the Pescadores.,0
18146,"And we got weapons of mass destruction crossing the border every single day, and they're blowing people up.",1
27666,It's a nation that's not like -- like others and it does not have a civilian leadership that is calling the shots there.,1
9268,"And the president's right in terms of the additional oil production, but none of it came on federal land.",1
8955,"We deliberately took figures that we, ourselves, believed were too conservative.",0
33627,They have to pay up.,0
26173,"Rudy Giuliani, Mayor of New York, brought crime down 25 percent just in New York City.",1
29558,We know the IRS has made clear there is no prohibition on releasing it when you're under audit.,1
26537,We'd have that trouble all over America.,0
909,But I also believe we need an agricultural policy which doesn't cost us 15 to 20 to 25 billion dollars a year that it's been costing us over the course of the past three or four years under this administration.,1
20156,"Thank you, Jim; thank you, Mr. President; thank everyone for watching and listening.",0
1424,"But every economist - liberal, conservative that I'm familiar with - recognizes that in the fourth quarter of this year and in the fifth quar- uh - the first quarter of next year that we'll have an increase in real GNP.",0
19190,They're working harder and higher and harder paying more taxes.,1
19311,"Under the new bill, if I had signed it, a person like that could never have had any recovery.",1
4015,So I have a record.,0
6552,It's called bait and switch.,0
8445,I don't want the federal government paying teachers' salaries directly.,0
21896,"The point I want to make to you is, a bipartisan commission reviewed my plan and the Bush plan and there were as many Republicans as Democratic health care experts on it.",1
2317,You had people who were borrowing money to buy a house that they couldn't afford.,0
9248,That's why we doubled fuel efficiency standards on cars.,1
23779,"And abroad, we're at war.",0
33799,It's a $1 million loan.,1
30224,"He said, you know, if they taunted our sailors, I'd blow them out of the water and start another war.",1
21902,That's what the election was about.,0
9971,Let me give you some advice.,0
32975,"And I regret deeply that the Senate has not done its job and they have not permitted a vote on the person that President Obama, a highly qualified person, they've not given him a vote to be able to be have the full complement of nine Supreme Court justices.",1
19115,It's a great honor for me to be here standing here as the Republican nominee.,0
27581,"I look around the world and I don't feel that you see North Korea, continuing to export their nuclear technology, Russia said they're not going to follow Nunn-Lugar any more.",1
16799,"We've got the highest inflation we've had in twenty-five years right now, except under this administration, and that was fifty years ago.",1
1384,"Civil rights - uh has been confirmed by the Burger Court, hasn't been uh - reversed, and I don't think there's any inclination to reverse those basic decisions.",1
21159,"And so I don't know the man well, but I've been disappointed about how he and his administration have conducted the fundraising affairs.",0
18815,We're the leading donor in the world to help the suffering people there.,1
33044,"You take a look at what's happening to steel and the cost of steel and China dumping vast amounts of steel all over the United States, which essentially is killing our steelworkers and our steel companies.",1
13340,I have suggested that the president should be given other weapons to protect the national interest in case of national emergency strikes beyond the injunction provision of the Taft-Hartley Act.,1
19774,And I think I know what he meant by that.,0
25881,We're down to 336 ships.,1
26034,"Not in an election year, sir.",0
14449,"Many people predicted what happened, and it was a disaster.",0
25128,But we went in in the interest of peace and to keep Israel and Syria from getting into the sixth war between them.,1
14924,"When Mr. Carter became President, inflation was 4.8%, as you said.",1
13194,The Senate was right because they knew the lesson of history.,0
11135,... just a quick follow-up on this.,0
32778,"The Kurds have been our best partners in Syria, as well as Iraq.",1
26941,But the key that we're going to have to pursue is a -- is a pathway to get the Muslim world to be able to reject extremism on its own.,0
33079,And that's exactly what I have proposed.,1
2526,Anybody can have deductions up to that amount.,0
20219,"And I mean investing in education, health care, the environment, and middle-class tax cuts and retirement security.",0
32547,"But I will tell you that, number one, I pay tremendous numbers of taxes.",1
2380,And three-quarters of them said it makes us less likely to hire people.,1
8589,But it compels nobody to have insurance who does not want it.,0
19512,The integration of Central and Eastern European democracies into a new partnership with NATO.,1
26209,You got a 265 billion dollar tax increase.,1
26972,Then you said we should.,0
16534,"And also, I'm going to institute zero-based budgeting which I used four years in Georgia, which uh - assesses every program every year, and eliminates those programs that are obsolete or obsolescent.",1
20036,But apparently his position hasn't changed.,0
1820,"And number three, I will not under any circumstances raise taxes on middle-income families.",0
29710,"If we don't have it, we're not going to have a country.",0
31996,"He had to pay an $850,000 fine to one of the women.",1
29275,So I will tell you this.,0
16289,"That wouldn't have stopped if we hadn't been willing wouldn't have even started, the Soviets coming out, if we hadn't even been willing to support the freedom fighters there.",0
13764,I have had it in every single proposal I've sent to the Congress.,1
596,And he just lifted martial law.,1
21303,That's right at the top of my agenda.,0
13767,I've been speaking out since day 1.,0
14383,They investigated every single one of my children.,1
32879,Because we talked about what we wanted to do.,0
25389,I would not let the Soviet Union get their hands on it at all.,0
24095,"The problem I have with the Perot prescription is that almost all economists who've looked at it say that if you cut the deficit this much this quick it will increase unemployment, it will slow down the economy.",1
23694,Our recession was one of the shallowest in modern history.,1
24716,I just don't believe we ought to do that.,0
33352,I think that is an idea that is not in keeping with who we are as a nation.,0
6505,It's kind of one of those exaggerations.,0
15443,"I'm sorry that we couldn't persuade the bringing in of the third candidate, so that he could have been seen also in these debates.",0
27652,"You know, I was having lunch with some -- a veteran in Minnesota who had been a medic dealing with the most extreme circumstances.",0
671,The Reagan-Bush administration was right.,0
23569,I would pick somebody who would not allow their personal opinion to get in the way of the law.,0
26427,"Because we've had tough aggressive trade policies, and because we've got interest rates down.",1
7607,"I hope some day it will rise; but I don't think it will rise if we continue the same policies toward Cuba that we did in recent years, and in fact towards all of Latin America - when we've almost ignored the needs of Latin America; we've beamed not a single Voice of America program in Spanish to all of Latin America in the last eight years, except for the three months of the Hungarian uh - revolution.",1
7808,"And we can't do it unless we do have adequate funds for, for example, information which has been cut by the Congress, adequate funds for technical assistance.",0
1041,I know I'm ready for it.,0
20157,"I want to address my remarks to the young people of America, because they're the ones that are going to spend most of their life in the 21st Century.",0
8884,It will come from the pockets of the people.,0
22922,We're not going to go alone like this president did.,1
17602,"All of those are legally deductions, deductible in computing your tax, and it was a 1-year thing with him.",1
1380,"And from those five, I always chose the first one or second one.",0
1655,I want to thank Governor Romney and the University of Denver for your hospitality.,0
8236,"It will cost a minimum of four billion dollars a year more, a maximum of four and nine-tenths billion dollar a year more than we're presently spending.",1
1852,Donald Trump is a small business.,0
10497,"I like Meg Whitman, she knows what it's like to be out there in the marketplace.",0
19283,"Now that the President gets millions of dollars from the trial lawyers, he probably doesn't like this provision.",1
26365,Employers of under 50 are exempted.,1
10137,"We, of course, don't want to have automatic weapons, and that's already illegal in this country to have automatic weapons.",0
19786,I think this election has to be geared toward the future.,0
30436,"... $200 million is spent, and I'm either winning or tied, and I've spent practically nothing.",1
11684,"Now, both of us are kind of, I guess, stating the other's position in a maximalist extreme way, but I think there is a difference here.",0
22124,And only the US could do this.,0
19002,And I don't hold it against him that he said grave threat.,0
6040,"Well, let me just said that that this is -- he -- Senator Obama doesn't want a free trade agreement with our best ally in the region but wants to sit down across the table without precondition to -- with Hugo Chavez, the guy who has been helping FARC, the terrorist organization.",1
4306,"I have a long record on that, on a long series of reforms.",1
14419,"In 1988 when the war between Iraq and Iran ended, we knew Saddam Hussein was a tyrant, we had dealt with him because he was against Iran -- the enemy of my enemy maybe is my friend.",1
1019,I believe we can meet the problems within the cities of this country and still uh - give a tax reduction.,0
16868,My average in two years is twenty-six.,1
23408,"You get more money, you keep more of your taxes by going abroad.",1
8699,Whereas I have proposed we ought to take.,0
16603,Medicaid's in one agency; Medicare is in a different one.,0
16007,It always works that way.,0
34353,And there is no evidence whatsoever that that will slow down or diminish our growth.,1
17708,"There is a connection between interest rates and inflation, but I would call to your attention that in 1981 while we were operating still on the Carter-Mondale budget that we inherited -- that the interest rates came down from 211/2, down toward the 12 or 13 figure.",1
11141,It'd be fine with me.,0
2095,"Actually, this $2.8 billion goes largely to small companies, to drilling operators and so forth.",1
27345,"But the military -- let's get back to the military, though.",0
32326,"I believe in having other people pay for them, as an example, the Gulf states, who are not carrying their weight, but they have nothing but money, and take care of people.",0
25829,There are things we can do like the Kassebaum bill.,0
15531,I made a good selection.,0
26620,"so I think we will wait, see what they present, take a look at it.",0
24521,"We've got chemical warfare being conducted against our children on the streets in this country all day every day, and we don't have the will to stamp it out.",0
25110,"But the first -- pardon me -- the first time we went in, we went in at their request because the war was going on right in Beirut between Israel and the PLO terrorists.",1
30431,And I don't deserve that.,0
24080,We have spent $4 trillion worth.,1
16677,We estimate that those programs would add a hundred billion dollars minimum and probably two hundred billion dollars - uhh maximum each year to the federal budget.,1
27172,And that begins with a strong economy here at home.,0
33641,Our jobs are being sucked out of our economy.,1
4334,And we -- we are spending billions of dollars on missile defense.,1
10155,"Which was a program under this administration, and how it worked exactly I think we don't know precisely, where thousands of automatic, and AK-47 type weapons were -- were given to people that ultimately gave them to -- to drug lords.",1
3580,"But the point is that -- you see, I hear this all the time.",0
13372,Senator Kennedy has indicated on several occasions in this program tonight that I have been misstating his record and his figures.,0
33644,Our jobs have fled to Mexico and other places.,1
2340,Let me mention another regulation in Dodd-Frank.,0
10291,The answer is very straightforward.,0
7779,meeting a condemnation of Russian infiltration of Cuba.,0
31976,"It was locker room talk, as I told you.",0
3550,"You know, we spent $3 million to study the DNA of bears in Montana.",1
32268,"If they don't do that, it's a very difficult situation for our country, because you look at Orlando and you look at San Bernardino and you look at the World Trade Center.",0
11153,"What I said was the same thing that the audience here today heard me say, which is, if Pakistan is unable or unwilling to hunt down bin Laden and take him out, then we should.",1
19789,"You know, the President reminds me sometimes of my brother Kenny, who is no longer alive.",0
6827,Health-care costs are on the rise because the consumers are not involved in the decision-making process.,1
1009,"I believe that the American people, if given the leadership that I would expect to give, would be willing to give this thrust to preserve the peace and the necessary restraint at home to hold the lid on spending so that we could, I think, have a long overdue and totally justified tax decrease for the middle-income people.",0
9753,"But four years ago, I told the American people and I told you I would cut taxes for middle class families.",1
12905,He says that he voted for the resolution.,1
25691,But I hope tonight you will get a better feel of who Bob Dole is and what he's all about.,0
23782,The 9/11 Commission put out a report that said America is safer but not yet safe.,1
16203,"I'm also against the pipeline embargo, which you folks attempted to impose.",1
17535,I opposed the grain embargo in my administration.,1
907,"Well, I think we have to go to work on the problem of Third World debt and we've got to assist those Third World countries in dealing with this massive debt which they currently-which they have incurred and which is burdening them and which if we don't do something about it and assist them along with other nations around the world, we'll destroy their economies, destroy their future.",0
16493,"Now this tax bill - that hasn't reached the White House yet, but is expected in a day or two - it's about fifteen hundred pages.",1
33937,These are people that kill women and treat women horribly.,1
21022,"I'm totally opposed to diverting one out of every six dollars out of the Social Security trust fund, as the Governor has proposed, into the stock market.",1
5497,Let me just talk to you about one of the short-term fixes.,0
11941,But I think marriage is a sacred institution.,0
6086,"Now, Joe, Senator Obama's plan, if you're a small business and you are able -- and your -- the guy that sells to you will not have his capital gains tax increase, which Senator Obama wants, if you're out there, my friend, and you've got employees, and you've got kids, if you don't get -- adopt the health care plan that Senator Obama mandates, he's going to fine you.",1
13926,"We haven't got 12 days, folks.",0
14400,"Then at the end of the war, when they had to go testify about it, their stories are a total disconnect from what they said in August, September and October.",1
16496,"On the other hand, uh when you have a bill of that magnitude, with - tho- those many provisions, a president has to sit and decide if there's more good than bad.",0
21629,Mr. Perot wants to do the same thing.,1
28822,"I know the governor is against it, and I know that I'm for it.",0
19275,"First of all, it's a balanced budget amendment to the Constitution which President Clinton defeated.",1
12950,"If I lose this election, I will continue in the Senate to try to build a stronger country.",0
15961,"As a matter of reality, Fm going to have to because we have had not one but two detailed studies which indicate that there are billions and billions of dollars to be collected that are not being paid these are not taxes owed by average Americans.",1
6008,"He said, we will look at offshore drilling.",1
3028,Iran is bordered very extensively by the Soviet Union.,1
13715,"We're low spending, low tax burden.",1
7308,"If Tom DeLay or someone in the House said to me, ""Sorry, we don't have the votes,"" I'd have said, ""Then we're going to have a fight. """,0
26176,"This year the Republican Congress, as far as student loans went from 24 billion to 36 billion over the next six years.",1
19166,We've done a lot to give the people more powers to make their own decisions over their own lives.,1
9491,"Not only that, he said, ""I think that's what grows the economy.""",1
1522,"So you cannot compare unemployment, as you sought to, uh - with the present time with the 1950s, because the then administration had people in the military - they were at war, they were fighting overseas, and this administration has reduced the size of the military by a million four hundred thousand.",1
2522,I want to bring down the tax burden on middle-income families.,0
21443,"As you all know, I've been buying 30-minute segments to talk about issues.",0
13890,Let's just talk about the CAFE standards -- that's the fuel efficiency standards.,0
16620,And we shifted people out of administrative jobs into the field to deliver better services.,1
6189,But I certainly would not impose any litmus test.,0
5710,Senator Obama talks about the budgets I voted for.,1
8282,In regard to uh - price stability uh - I'm not aware that that committee did produce recommendations that ever were certainly before the Congress from the point of view of legislation in regard to controlling prices.,1
29536,"I will release my tax returns -- against my lawyer's wishes -- when she releases her 33,000 e-mails that have been deleted.",1
25092,And our enemies are strengthened from all of this.,0
1882,"The National Federation of Independent Businesses has said that will cost 700,000 jobs.",1
12236,They're moving very rapidly because they know that it is a fast-growing world market.,0
8283,"In regard to the exchange of students and labor unions, I am chairman of the subcommittee on Africa and I think that one of the most unfortunate phases of our policy towards that country was the very minute number of exchanges that we had.",1
10125,But I also share your belief that weapons that were designed for soldiers in war theaters don't belong on our streets.,0
15356,"The most important crucial difference in this election campaign, in my judgment, is the approach to the control of nuclear weaponry and the inclination to control or not to control the spread of atomic weapons to other nations who don't presently have it, particularly terrorist nations.",0
9249,"That means that in the middle of the next decade, any car you buy, you're going to end up going twice as far on a gallon of gas.",1
3652,"John, you want to give oil companies another $4 billion.",1
28683,"Laura and I are proud parents of teenage girls, twin daughters, and I know what you're saying.",0
14637,Why I'll win is I think I have the best plan of the 3 of us up here to do something about it.,0
12248,"And I'll tell you this, I will fight for a clean environment in ways that strengthen our economy.",0
19865,It would have eliminated the AmeriCorps plan and it would have cut back on student loans and scholarships.,1
17403,"I think that we've had something to do with that, just as we have with the drug problem nationwide.",0
8470,We wanted to tie it to Social Security.,1
15981,"And I think where I differ with the Governor of Massachusetts, because I am optimistic.",0
1765,"Mr. President, all of the increase in natural gas and oil has happened on private land, not on government land.",1
359,"The problem, Mr. Bush, is that you've cut back by 90 percent on our commitment to affordable housing for families of low and moderate income.",1
1601,There are no magic answers to do it.,0
27062,"And so everything we're doing, we're doing in consultation with our partners in the region, including Israel which obviously has a huge interest in seeing what happens in Syria; coordinating with Turkey and other countries in the region that have a great interest in this.",1
8503,One was a bill for a dollar twenty-five cents an hour for anyone who works in a store or company that has a million dollars a year business.,1
16678,Those programs you cannot afford and give tax relief.,0
32936,He inherited the worst financial crisis since the Great Depression.,1
13088,"As a matter of fact, the statement that Senator Kennedy made was that - to the effect that there were trigger-happy Republicans, that my stand on Quemoy and Matsu was an indication of trigger-happy Republicans.",1
10051,"But I find more troubling than this, that on -- on the day following the assassination of the United States ambassador, the first time that's happened since 1979, when -- when we have four Americans killed there, when apparently we didn't know what happened, that the president, the day after that happened, flies to Las Vegas for a political fund-raiser, then the next day to Colorado for another event, other political event.",1
16684,"I remember when Alf Landon was against Social Security and uh - later President Nixon, sixteen years ago, was telling the public that John Kennedy's proposals would bankrupt the country and would double the cost.",1
33176,"And I believe that's very, very important.",0
8804,"Bill of Rights - the fact that, by serving in the military, they could provide for a future college education.",1
29912,Secretary Clinton also fought it.,1
4240,I immediately said that this was illegal and objectionable.,1
1441,"Im- most importantly, consumer confidence as surveyed by the reputable organization at the University of Michigan is at the highest since 1972.",1
10954,"Co-payments go up, costs go up, skyrocketing costs, which make people less and less able to afford health insurance in America.",1
20305,"Under the Medicare prescription drug proposal I'm making, here is how it works, you go to your own doctor.",1
20640,I think we've got to be very careful when we commit our troops.,0
10973,"You know, like hair transplants, I might need one of those myself.",0
21025,"One, a lot of folks are still waiting for that 1992 middle-class tax cut.",1
15321,I'd like to change that.,0
23268,And I lower the cost of health care in the way that I described to you.,1
17962,You've been through the roughest weeks anybody could imagine.,0
8550,"Four hundred billion, approximately, is a result of what individuals do.",1
26028,"I think if I were a senior citizen I would be a little fed up with all these ads scaring seniors, scaring veterans and scaring students about education.",0
18501,"You know, it's hard work to try to love her as best as I can, knowing full well that the decision I made caused her loved one to be in harm's way.",0
8514,"The proposal advanced by you and by Mr. Javits would have cost six hundred millions of dollars - Mr. Rockefeller rejected it in New York, said he didn't agree with the financing at all, said it ought to be on Social Security.",1
14766,Look at the record and make your decision.,0
12876,India under a free society has been making some progress.,1
22563,But the president has underfunded it by $28 billion.,1
15970,"In other states, we've done it.",1
707,You have to make choices.,0
6745,It basically protected states from the action of one state to another.,0
20655,It's to make sure our troops are well-housed and well-equipped.,0
32031,"In my opinion, the people that have been long-term workers at the FBI are furious.",0
26050,"On the third time we sent welfare reform to the president he signed it but announced he would change it next year, and the vice president said they were going to do something else through the line item veto which I've never understood, but that's sort of inside baseball.",1
26806,Maybe we will have another debate on the economy.,0
209,That's the way we're going to provide basic health security for all of the citizens of this country of ours.,0
20152,I think of the man who grabbed me by the shoulder once with tears in his eyes and said his daughter was dying of cancer and he thanked me for giving him a chance to spend some time with her without losing his job because of the Family and Medical Leave Act.,0
24695,"The average senior citizen is spending a higher percentage of income on health care today than they were in 1965, before Medicare came in.",1
19303,"Well, I try to articulate my positions as clearly as possible, tell people what I stand for and let them decide whether they're going to support me or not.",0
16768,"And we have proven, I think very conclusively, that you can reduce the rate of inflation and increase jobs.",0
6627,"Got four more years, I've got more to do to continue to raise standards, to continue to reward teachers and school districts that are working, to emphasize math and science in the classrooms, to continue to expand Pell Grants to make sure that people have an opportunity to start their career with a college diploma.",0
32216,"So if we just rip it up and throw it away, what Donald's not telling you is we just turn it back to the insurance companies the way it used to be, and that means the insurance companies...",0
33827,"And I didn't even apologize to my wife, who's sitting right here, because I didn't do anything.",0
12439,"Well, I wasn't the one having trouble explaining it.",0
25401,"If we could stop, right now, the testing and the deployment of these space weapons -- and the President's proposals go clear beyond research; if it was just research we wouldn't have any argument, because maybe someday, somebody will think of something -- but to commit this nation to a buildup of antisatellite and space weapons at this time, in their crude state, would bring about an arms race that's very dangerous indeed.",0
17025,"Governor Carter in his acceptance speech called for more and more programs, which means more and more government.",0
17795,And none of these things happened.,1
11851,It's going to be hard to punish them any worse after they get put to death.,0
2005,You said you'd cut the deficit in half.,1
6916,"And most importantly, we give small business a 50 percent tax credit so that after we lower the costs of health care, they also get, whether they're self-employed or a small business, a lower cost to be able to cover their employees.",1
22361,I don't know -- starting after 4 years.,0
23499,"Congressman Jim Sensenbrenner, he is the chairman of the House Judiciary Committee, said over his dead body before it gets renewed without being thoroughly rechecked.",1
12640,There are six countries in Africa that are members of the United Nations.,1
20321,"The current system today has meant a lot for a lot of seniors, and I really appreciate the intentions of the current system as I mentioned.",0
10880,"He said a while back that the big problem with energy is that for 30 years, politicians in Washington haven't done anything.",1
14958,"Governor Reagan's proposal, the Reagan-Kemp-Roth proposal, is one of the most highly inflationary ideas that ever has been presented to the American public.",0
8606,I think it's a very clear contrast.,0
20794,"And that's why I have made it a number one priority in my budget, not a tax cut for the wealthy.",1
20739,I don't think it should be used as a piggy bank for other programs.,0
27951,"And Governor Romney wants to take us back to those policies, a foreign policy that's wrong and reckless, economic policies that won't create jobs, won't reduce our deficit, but will make sure that folks at the very top don't have to play by the same rules that you do.",0
8235,Now the Republican platform will cost more too.,0
8497,"And whether this House and Senate, in the next session is Democratic or Republican, if the country will have voted for the candidate for the presidency and for the proposals that he has made, I believe that you will find that the president, if it were a Republican, as it would be in my case, would be able to get his program through that Congress.",0
2556,And when it comes to education what I've said is we've got to reform schools that are not working.,1
7338,This is a president who hasn't met with the Black Congressional Caucus.,1
2731,And thank you for tuning in this evening.,0
2814,That's got to be changed.,0
7991,"Mr. Benson, testifying on the food stamp plan in 1957, said there were twenty-five million Americans who could not afford a elementary low-cost diet.",1
18537,"And if I were to ever say, ""This is the wrong war at the wrong time at the wrong place,"" the troops would wonder, how can I follow this guy?",0
33045,We have to guard our energy companies.,0
12995,He's been in some other country.,0
20674,The captains are leaving the service.,0
32463,She complains that Donald Trump took advantage of the tax code.,1
27429,"But to the issue of Iran, as long as I'm president of the United States Iran will not get a nuclear weapon.",1
4121,"Again, it may not work, but if it doesn't work, then we have strengthened our ability to form alliances to impose the tough sanctions that Senator McCain just mentioned.",0
6474,"But I pledge this to you, America: I will do it in the way that Franklin Roosevelt and Ronald Reagan and John Kennedy and others did, where we build the strongest alliances, where the world joins together, where we have the best intelligence and where we are able, ultimately, to be more safe and secure.",0
33888,"He went after a federal judge, born in Indiana, but who Donald said couldn't be trusted to try the fraud and racketeering case against Trump University because his parents were Mexican.",1
27024,...I indicated that you failed to put in place a status...,0
16507,"We've had an increase in taxes paid by individuals, payroll taxes, from14 Percent up to 20 percent.",1
23415,"And it's a plan that lowers cost for everybody, covers all children.",1
11404,"I also understand that an administration is not one person, but an administration is dedicated citizens who are called by the president to serve the country, to serve a cause greater than self, and so I've thought about an administration of people who represent all America, but people who understand my compassionate and conservative philosophy.",0
12078,But I don't think that we can ignore the role played by guns.,0
24301,"We really need to nail down the big intercontinental ballistic missiles, the ones that can hit us from Russia.",0
5580,"Then Exxon Mobil, which made $12 billion, record profits, over the last several quarters, they can afford to pay a little more so that ordinary families who are hurting out there -- they're trying to figure out how they're going to afford food, how they're going to save for their kids' college education, they need a break.",1
13119,"And I say that those of us who stand against surrender of territory - this or any others - in the face of blackmail, in the s- face of force by the Communists are standing for the course that will lead to peace.",0
24086,"If there's a fairer way, I'm all ears (laughter) --aah.",0
10297,They hack into our computers.,1
27465,I'd make sure that Ahmadinejad is indicted under the Genocide Convention.,1
6310,And I also have to disagree on Senator McCain's record when it comes to college accessibility and affordability.,0
27249,"Number one, we are going to have North American energy independence.",0
28464,"Now, what can I bring to that challenge?",0
8479,"I would say, too, that when Senator Kennedy refers to the action of the House Rules Committee, there are eight Democrats on that committee and four Republicans.",1
2226,We have to make sure this program is there for the long term.,0
32817,You go into the inner cities and -- you see it's 45 percent poverty.,1
16479,"In the budget that I submitted to the Congress in January this year, I re- recommended a 50 percent cutback in the rate of growth of federal spending.",1
7480,"And she was in the hospital, and I went in to talk to her and tell her what I was thinking of doing.",0
21397,"We've got to control that growth to inflation and population increase, but not raise taxes on the American people now.",0
31941,"So, yes, this is who Donald Trump is.",0
11927,"But let me say to you, Mr. Vice President, we're happy with our laws on our books.",0
32839,"Well, 67 percent of the people voted to re-elect me when I ran for my second term, and I was very proud and very humbled by that.",1
2869,"As a matter of fact, uh - I've never advocated any cut of $15 billion in our defense budget.",1
12724,There are a good many able men who could be secretary of state.,0
9287,"When the president ran for office, he said if you build a coal plant, you can go ahead, but you'll go bankrupt.",1
28221,"I happened to believe strong accountability encourages parental involvement, though.",0
20792,I believe parents ought to be able to make more choices need more public and charter school choice to send their kids always to a safe school.,0
14468,The president of the US was told officially it was a $20-billion problem.,1
28301,They're not able to do it and our future depends upon it.,1
3466,This isn't the beginning of the end of this crisis.,0
7716,"Unless the president speaks, then of course uh - the country doesn't speak, and Franklin Roosevelt said: ""The pre - uh - the presidency of the United States is above all a place of moral leadership.""",0
24936,"And as soon as we have an investigation and find out where any blame lies for the few that did not get excised or changed, we certainly are going to do something about that.",0
12213,"We're doing it faster than any other state our size, comparable state.",1
2515,"Which is -- which is my experience as a governor is if I come in and -- and lay down a piece of legislation and say, ""It's my way or the highway,"" I don't get a lot done.",0
29597,"The other thing, I'm extremely underleveraged.",0
16349,"Let's say, this isn't Democrat or Republican, and it isn't liberal or conservative.",0
2913,These kinds of things have hurt us very much.,0
7295,"I ran one of the largest district attorney's offices in America, one of the ten largest.",1
4220,"It's not accidental that the presidents of Latvia, Estonia, Lithuania, Poland, and Ukraine flew to Georgia, flew to Tbilisi, where I have spent significant amount of time with a great young president, Misha Saakashvili.",0
25828,"But if somebody wanted to be a cardiologist, ten years from now, you'd have to be certain you complied with some of the rules in this extreme medical plan the government was going to take over for all Americans.",0
15925,"But I do think this, that the next president, even within a relatively stable budget and that's what we are going to have for the foreseeable future will have to make those tough choices that I was talking about and that Mr. Bush doesn't seem to want to make.",0
8381,Not reducing the interest -,0
8823,"or we passed one bill, just a couple of weeks ago in the House of Representatives for $500 million - a half a billion dollars.",1
6638,The wages of Americans have gone down.,1
13602,"On this, as on so many other issues, I have a fundamental difference from the present administration.",1
29831,And it was terminated by current mayor.,1
14201,Let's go back in terms of accepting responsibility for your actions.,0
1988,"... talked about Medicaid and how we could send it back to the states, but effectively this means a 30 percent cut in the primary program we help for seniors who are in nursing homes, for kids who are with disabilities.",1
33380,We are a country of laws.,0
3900,"We had a legitimate difference, and I absolutely understand the difference between tactics and strategy.",0
92,Seven administrations were dealing with Mr. Noriega.,1
7763,Nineteen fifty-three we tried to put an appropriation of five billion dollars for our defenses.,1
20661,"Nobody should have any doubt about that, least of all our adversaries or potential adversaries.",0
32106,"It was personal e-mails, not official.",1
13350,This is a difficult and sensitive matter.,0
28823,I know what a hate crime statute pending at the national level is all about in the aftermath of James Byrd's death.,1
5867,"Bob, I think it's going to be important to just -- I'll respond to these two particular allegations that Senator McCain has made and that have gotten a lot of attention.",0
916,"As a matter of fact, Mexico, itself, is one of our biggest agricultural customers, so in the sense that we can work to help Mexico rebuild and expand and deal with these very serious economic problems we help our farmers at the same time.",1
7627,I believe we should have a stronger military force.,0
25599,"And, above all, I want a nation that's strong.",0
22814,"Of course, I listen to our generals.",0
11315,"We've got to try to have talks, understanding that we're not taking military options off the table.",0
26691,There is not a simple answer.,0
24952,"Some of it was excised, but the part dealing with political terrorism was continued.",0
13093,There were three Democratic presidents who led us into war.,1
19616,"I did give about six months before the effective date of the act before lawsuits can actually be filed, even though they're effective now, and can be legally binding, because I want to change Cuba.",1
26987,"It's a geopolitical foe, and I said in the same -- in the same paragraph I said, and Iran is the greatest national security threat we face.",1
13491,"Just to uh - correct the record, Mr. Nixon said on depletion that his record was the opposite of mine.",0
32186,"It's very bad, very bad health insurance.",0
3823,"We have lost over 4,000 lives.",1
29618,"And we've spent $6 trillion in the Middle East, according to a report that I just saw.",1
16801,"This affects human beings, and - and his insensitivity in providing those people a chance to work has made this a welfare administration, and not a work administration.",0
19280,It's a state tax relief.,1
19983,"It's about the government, as I said before, pinching its pennies for a change instead of the poor taxpayer.",0
25919,But let's sort of keep this out of politics because it's pretty dicey right now.,0
763,And I have long ago said I supported the president on this other matter.,1
4194,They are members of NATO.,1
1253,That's a 30 percent reduction in the portion that the federal government contributes to education in just eight years.,1
15041,"Since I've been President, I've appointed, for instance, more than twice as many black Federal judges as all previous presidents in the history of this country.",1
3453,"Because as we're here tonight in this debate, we are seeing, for the first time in a long time, Republicans and Democrats together, sitting down, trying to work out a solution to this fiscal crisis that we're in.",1
5651,"That's a hatchet, and then I would get out a scalpel, OK?",0
9529,And they're going now because of the policies of this administration.,0
27627,So our troops will come home at that point.,1
18182,This president thought it was more important to give the wealthiest people in America a tax cut rather than invest in homeland security.,1
33967,"The money goes 100 percent -- 100 percent goes to different charities, including a lot of military.",1
19778,"And that's why we've got a country with ten and a half million more jobs, and record numbers of new businesses, and rising incomes, and falling crime rates, and welfare roll rates.",1
25960,It's all happening in this administration because they cut funding and they cut interdiction.,1
33540,I -- I find it ironic that he's raising nuclear weapons.,1
1349,Those are the people who ought to be in jail.,0
30208,"You know, NATO as a military alliance has something called Article 5, and basically it says this: An attack on one is an attack on all.",1
11470,We need to call upon Syria to release the three Israeli soldiers who have been captured.,0
22592,"You know, for a while he was a strong supporter of getting rid of Saddam Hussein.",1
13105,"Von Fremd, it would be completely irresponsible for a candidate for the presidency, or for a president himself, to indicate the course of action and the weapons he would use in the event of such an attack.",0
7948,I think it's going to be difficult; but I'm confident that this country can meet its responsibilities.,0
2323,You can't engage in some of this risky behavior that is putting Main Street at risk.,0
24393,"We have a delicate, tight-wire walk that we must go through at the present time to make sure that we do not cozy up to tyrants, to make sure that they don't get the impression that they can suppress their people.",0
30124,And I think that's great.,0
28299,We've got to do something about this.,0
21572,I don't have any PAC money in my campaign.,1
16784,"And the Congress by overriding the bills that I did veto, the Congress has added some $13 billion to the federal expenditures and to the federal deficit.",1
27508,"And I think they looked and thought, well, that's an unusual honor to receive from the President of the United States.",0
16531,Uh - we'll have uh - a safety version built in with complete reorganization of the executive branch of government which I am pledged to do.,0
32215,"And like I say, 20 million people now have health insurance.",1
16604,The - the check on the quality of health care is in a different one.,0
697,"And as a matter of fact, the system that the administration is now talking about is very different from the one that was originally proposed in 1983.",1
16150,"In the first place, never go back to that Democratic grain embargo, that liberal Democrat grain embargo that knocked the markets right out from under us and made Mr. Gorbachev say to me when I was here, how do I know you're reliable suppliers?",1
16592,It hasn't been undone since I was there.,0
8806,That meant immediately 46% of your people that were signing up had no reason for signing up.,1
29434,"And if you really look, it's not a tax -- it's really not a great thing for the wealthy.",0
19142,"All of these are programs that Senator Dole opposed that I supported, because I felt they were a legitimate effort to help people make the most of their own lives.",1
21127,"Seniors now understand that the promise made will be a promise kept, but younger workers now understand we better have a government that trusts them and that's exactly what I'm going to do.",0
16713,We need to shift from oil to coal.,0
14216,The choices were not good then.,0
823,Has made him a part of our foreign policy and has been funneling aid to Contras through convicted drug dealers.Ã¢â€°Â¤,1
10187,"And in fact, employers are looking for skilled workers.",0
26032,Their idea was a budget that the that the American Hospital Association said could close 700 hospitals.,1
8077,I'm sure he believes just as deeply that his will move that way.,0
11562,"Remains to be seen, however, whether or not there's going to be a political settlement in Kosovo, and I certainly hope there is one.",0
24604,My request for this year was $4.9 billion for AIDS -- ten times as much per AIDS victim as per cancer victim.,1
2167,We also have 50 percent of doctors who say they won't take more Medicare patients.,1
81,And in my state I'm proud to say we've organized a drug education and prevention program which the Federal Drug Enforcement Administration says is a model for the country.,1
16020,"Andrea, I don't know which George Bush I'm listening to.",0
6150,"Now, under Senator McCain's plan there is a strong risk that people would lose their employer-based health care.",1
19423,"I mean, you say we've done all these bad things, which isn't the case.",0
19501,"You add all the states that've used the instant check and how many weapons they keep, kept out of the hands of criminals.",0
23294,"He says, well, he's going to raise the taxes on the rich -- that's what he said -- the top two brackets.",1
25123,"But we were succeeding to the point that the Lebanese Government had been organized -- if you will remember, there were the meetings in Geneva in which they began to meet with the hostile factional forces and try to put together some kind of a peace plan.",1
2544,"Well, I definitely think there are differences.",0
3734,They did it on the Medicaid prescription drug bill and we have to change the culture.,1
1975,And so I've put forward a specific $4 trillion deficit reduction plan.,1
29482,Slashing taxes on the wealthy hasn't worked.,1
17862,We have restored much of our economy.,1
20841,Here is the role of the federal government.,0
20299,"Those on Social Security today will have their promise made, but also to give younger workers the option at their choice of being able to manage some of their own money in the private sector to make sure there's a Social Security system around tomorrow.",1
20826,It is a school full of so-called at-risk children.,0
23344,We proposed and passed a healthy forest bill which was essential to working with -- particularly in Western states -- to make sure that our forests were protected.,1
23087,"We not only fixed Medicare and took it way out into the future, we did something that you don't know how to do: We balanced the budget.",1
2392,"So we did work on this, alongside working on jobs, because this is part of making sure that middle-class families are secure in this country.",1
21602,Our home initiative -- our home ownership initiative -- HOPE -- that passed the Congress is a good start for having people own their own homes instead of living in these deadly tenements.,1
3974,And it's going to be tough.,0
16639,And in the term that I've been president - some two years - we have reduced federal employment by eleven thousand.,1
7087,"In September 2003, he supported amnesty for illegal aliens.",1
5664,"But I would fight for a line-item veto, and I would certainly veto every earmark pork-barrel bill.",0
1246,Quite often Congress has passed laws in the past designed to help people with uh - the ownership of homes and with the control of crime and with adequate health care and education programs and so forth.,1
28912,Is the person guilty of the crime?,0
33730,"And they actually fact checked, and they said I was right.",1
19281,It's a $500 per child tax credit.,1
14087,Look what's happening to McDonnell Douglas; even Boeing is losing market share -- because we let the Europeans spend $25-$40 billion on Airbus without an appropriate competitive response.,1
34205,"And you know, Bernie Sanders, he said you have bad judgment.",0
15448,Is it easier for you to go and buy things in the stores than it was four years ago?,0
8469,"Thirdly, on medical care for the aged, this is the same fight that's been going on for twenty-five years in Social Security.",1
15836,"But we used that as a role model, the way he took understandable pride in his heritage, what his family means to him.",0
11870,She had one of the greatest lines of all lines.,0
18731,"And so if Kim Jong Il decides again to not honor an agreement, he's not only doing injustice to America, he'd be doing injustice to China, as well.",0
1271,"As a matter of fact, that committee under Secretary Hills released about a seventy-five-page report with specific recommendations so we can do a better job uh - the weeks ahead.",0
22104,"If we pull back in some isolation and say we don't have to do our share, or more than our share, anymore, I believe you are going to just ask for conflagration that we'll get involved in the future.",0
8857,"I have talked of having zones in those cities that are run down, where there is a high percentage of people on welfare, and offer tax incentives.",0
21366,If you don't grow the economy you can't get it done.,0
18248,A free Iraq will help secure Israel.,0
9799,This was the president's plan.,0
33467,"If we got along well, that would be good.",0
10050,How could we have not known?,0
22943,That's not a grand coalition.,0
9918,Including Senators previously who had supported it on the Republican side.,0
1830,"And the reason is because small business pays that individual rate; 54 percent of America's workers work in businesses that are taxed not at the corporate tax rate, but at the individual tax rate.",1
8306,"Secondly, my objection to present farm policy is that there are no effective controls to bring supply and demand into better balance.",0
3858,You said we knew where the weapons of mass destruction were.,1
14108,"That's kind of pathetic I have to do it -- and nobody's called me yet to come up, I might mention.",0
20493,"What I do believe is that we can find good, common ground on issues of parental consent or parental notification.",0
19783,"That's why I want to continue the work we have done over partisan opposition, to work with communities to bring that crime rate down until our streets are all safe again.",0
1389,But now I think there have been a couple of instances where the Burger Court has made technical rulings where an obviously guilty person was later found to be guilty.,1
9875,Those who've come here illegally take their place.,0
24921,"That's a classic example of a strategy that's embarrassed us, strengthened our opposition, and undermined the moral authority of our people and our country in the region.",0
32282,"And even someone like Captain Khan, the young man who sacrificed himself defending our country in the United States Army, has been subject to attack by Donald.",1
17780,"Now, to -- I still -- I just have a minute here?",0
29662,"And when Secretary Clinton talks about people that didn't get paid, first of all, they did get paid a lot, but taken advantage of the laws of the nation.",1
27334,"By the way, number one I get rid of is Obamacare.",0
16083,"I talked in our first debate about the possibilities of helping millions and millions of welfare families to get off of welfare, and I'm proud to say that we finally have a welfare reform bill And the Ruby Samsons and Dan Lawsons, hundreds of thousands of welfare mothers in this country and in my state and across the country who today are working and earning are examples of what can happen when you provide training to those welfare mothers, some daycare for their children so that those mothers can go into a training program and get a decent job.",1
32248,We're going to block grant into the states.,0
387,"Washington, by itself, can't do it all.",0
14961,"One of those ideas was to repeal the minimum wage, and several times this year, Governor Reagan has said that the major cause of unemployment is the minimum wage.",1
12220,And they have not got it done.,1
32902,"No, there wasn't check out a sex tape.",1
17095,We have reduced inflation to about a third of what it was.,1
16334,His chief education adviser is in jail He's in jail because he betrayed the public trust.,1
17845,"I asked: ""Are you better off than you were 4 years before?''",0
16739,"One bank in uh - Washington, fo- for instance, gives lower interest loans for people who adequately insulate their homes or who buy efficient automobiles.",1
24092,"I think Mr. Perot has confronted this deficit issue, but I think it's important to point out that we really have 2 deficits in America, not one.",1
20094,"So I rolled the dice, I put my career on the line because I really believe the future of America is on the line.",0
17887,"If you're middle income, you're about where you were.",0
17465,Our laws against murder are State laws.,1
11247,That's what we've been doing over the last eight years and that has actually made us more safe.,1
33786,And I was taking on discrimination against African-American kids in schools.,1
31981,But that was something that happened.,0
25136,"In a recent 30-day period, 37 terrorist acts in 20 countries have been committed.",1
18591,You can't change the dynamics on the ground if you've criticized the brave leader of Iraq.,0
8942,"Well, if you've got a kid that's extravagant, you can lecture him all you want to about his extravagance.",0
18677,Iran is moving toward nuclear weapons and the world is more dangerous.,0
17243,"Indeed, we had to borrow $17 billion to pay the checks.",1
10869,"We can do that, we as Americans, because we're the best innovators, we're the best producers, and 95 percent of the people who are our market live outside of the United States of America.",1
26788,The future will be the greatest time in this country's history if we can beat this division that is bedeviling the whole rest of the world.,0
26910,"Of course we see in Syria, 30,000 civilians having been killed by the military there.",1
21345,There are more deductions in the tax code for shutting plants down and moving overseas than there are for modernizing plant and equipment here.,1
15053,"With regard to the great progress that has been made with this Government spending, the rate of black unemployment in Detroit, Michigan, is 56%.",1
12201,"And in return, get one-fifth of the benefits, because most of the tax reductions go to the people at the bottom end of the economic ladder.",1
16229,They had thirty of them; we had seven of them.,1
29583,But I'm not going to make any excuses.,0
1080,I said I had no recollection whatsoever of talking with any of the White House legislative liaison people.,1
21925,"Well, I think the national debt affects everybody.",0
3680,"Well, there are a range of things that are probably going to have to be delayed.",0
1265,"I fought for, and the Congress finally went along with a general revenue sharing program, whereby cities and uh - states, uh - the cities two-thirds and the states one-third, get over six billion dollars a year in cash through which they can uh - provide many, many services, whatever they really want.",1
34393,"If we don't repeal and replace -- now, it's probably going to die of its own weight.",0
1677,"It's an honor to be here with you, and I appreciate the chance to be with the president.",0
26226,Let me just give you some examples.,0
2757,I'll restore that $716 billion to Medicare.,0
29803,"I've met with a group of very distinguished, experienced police chiefs a few weeks ago.",0
28758,Tell you what I hear.,0
9252,"Now, I want to build on that.",0
14467,The whole problem came up in 1984.,1
32244,"President Obama said you keep your doctor, you keep your plan.",1
33002,You have a lot of it.,0
17904,"When we terminated 400,000 desperate, hopeless, defenseless Americans who were on disability -- confused and unable to defend themselves, and just laid them out on the street, as we did for 4 years, I don't think that's what America is all about.",1
3617,"I can tell you, it's rife.",0
33894,"So sad when she talks about violence at my rallies, and she caused the violence.",1
99,And so call off all those pickets out there that are trying to tear down seven different administrations.,0
20417,I don't think it's a fair price to pay to destroy precious parts of America's environment.,0
2924,He complains about secrecy and yet he is quoted as saying that in the attempt to find a solution in the Middle East that he would hold unpublicized meetings with the Soviet Union - I presume for the purpose of an - imposing a settlement on Israel and the Arab nations.,1
23773,And yet think about where we are: Added 1.9 million new jobs over the past 13 months.,1
19397,We ought to agree that somebody else should do it.,0
10766,"You know, last year up to this time, we've lost 700,000 jobs in America.",1
23196,We've increased money for ammunition and weapons and pay and homeland security.,1
5556,"And 95 percent of working families, 95 percent of you out there, will get a tax cut.",1
17221,"We have preserved the safety net for the people with true need in this country, and it has been pure demagoguery that we have in some way shut off all the charitable programs or many of them for the people who have real need.",0
8340,"Now, I can only say this.",0
10376,And -- and that is part of what's at stake in this election.,0
34110,"And I'm going to continue to push for a no-fly zone and safe havens within Syria not only to help protect the Syrians and prevent the constant outflow of refugees, but to, frankly, gain some leverage on both the Syrian government and the Russians so that perhaps we can have the kind of serious negotiation necessary to bring the conflict to an end and go forward on a political track.",0
18322,But this president hasn't even held the kind of statesman-like summits that pull people together and get them to invest in those states.,1
7751,What tools do we need to fight us?,0
22789,"And his answer was, ""With a viable exit strategy and only with enough forces to get the job done.""",1
14589,We are not a nation in decline.,0
3186,The foreign policy of the United States meets the highest standards of morality.,0
33057,"You know, because it sounds like you're in the business or you're aware of people in the business -- you know that we are now for the first time ever energy-independent.",1
575,But I don't think it's just experience that makes the difference.,0
21887,"I think we ought to do plastic surgery on a lot of these guys so that they're all ears, too, and listen to you.",0
18107,The Philippines -- we've got help -- we're helping them there to bring -- to bring Al Qaida affiliates to justice there.,1
3532,"And Main Street is paying a penalty for the excesses and greed in Washington, D.C., and in the Wall Street.",1
19521,"We've made progress in Northern Ireland, in the Middle East.",1
1973,That's the largest cut in the discretionary domestic budget since Dwight Eisenhower.,1
20211,I will pay down the national debt.,0
23687,"The Duelfer report confirmed that decision today, because what Saddam Hussein was doing was trying to get rid of sanctions so he could reconstitute a weapons program.",1
19272,"This is a Main Street tax cut, 15 percent across -- let's take a family making $30,000 a year, that's $1261.",1
15320,"I would like to make a change in the regulation that discriminates against a wife who works and finds that she then is faced with a choice between her father's or her husband's benefits, if he dies first, or what she has paid in; but it does not recognize that she has also been paying in herself, and she is entitled to more than she presently can get.",0
34340,"And people, Chris, will again go back to work and they'll make a lot of money.",0
33704,And that for them is a catastrophically low number.,1
27246,The president said by now we'd be a 5.4 percent unemployment.,1
5524,That's why we included in the financial package a proposal to get homeowners in a position where they can renegotiate their mortgages.,1
7022,"Eleven other presidents -- six Democrats and five Republicans -- had wars, had recessions, had great difficulties; none of them lost jobs the way this president has.",1
32085,"And more importantly, that was after getting a subpoena.",1
1500,I have a direct relationship with hundreds of people around - hundreds of thousands around the country who actively campaign for me.,0
11922,And that law has died in committee also because of the same kind of opposition.,1
16064,And those are the standards that I will use in nominating people to the Supreme Court of the United States.,0
3170,"Also, we'll never be strong again overseas, unless we're strong at home.",0
5843,"So the point is -- the point is that I have repudiated every time someone's been out of line, whether they've been part of my campaign or not, and I will continue to do that.",1
27256,"As a matter of fact, Latin America's economy is almost as big as the economy of China.",1
19372,"What about drugs that have increased, doubled in the last 44 months?",1
19847,"I want to correct, the all these things I voted against, they were probably part of some big package that had a lot of pork in it or a lot of things that we shouldn't have had and we probably voted no.",1
14029,"But if I look at the facts as a businessman, it's so tilted, the first thing you ought to do is just say, guys, if you like these deals so well, we'll give you the deal you gave us.",0
2145,"So my approach is to say, how do we strengthen the system over the long term?",0
29911,And I think I did a good job.,0
6830,And there's no market forces involved with health care.,1
29523,"Well, I told you, I will release them as soon as the audit.",0
3238,"Another thing that concerned me was what Mr. Ford said about unemployment, that - insinuating that under Johnson and Kennedy that unemployment could only be held down when this country is at war.",1
21391,"And if the Congress won't do it, if they can't get together and negotiate how to do that, then you'd have a sequester across the board.",0
19687,"I certainly didn't feel I should commit American troops to throw him out of where he had gone, and that was the only way to do that.",0
7990,"Well, Mr. Nixon uh- I'll just give you the testimony of Mr. George Aiken - Senator George Aiken, the ranking minority member - Republican member - and former chairman of the Senate Agricultural Committee testifying in 1959 - said there were twenty-six million Americans who did not have the income to afford a decent diet.",1
3500,"President Eisenhower, on the night before the Normandy invasion, went into his room, and he wrote out two letters.",0
20769,"The facts are after my plan, the wealthiest of Americans pay more taxes of the percentage of the whole than they do today.",1
1053,I - I have to say that my campaign has been an open one.,0
22040,To get the interest rates down.,0
27013,... no troops through whatsoever.,1
17496,"One final point: President Reagan, as Governor of California, signed a bill which is perhaps the most liberal proabortion bill of any State in the Union.",1
6643,They only added a little bit back this year because it's an election year.,1
24480,We will not be a great country unless we have a strong family unit in every home.,0
32440,But I have no loans with Russia.,1
6860,"Medicare is for seniors, who many of them are on fixed income, to lift them out of poverty.",1
2349,It's hurt the housing market because Dodd-Frank didn't anticipate putting in place the kinds of regulations you have to have.,1
33889,So it's not one thing.,0
15677,"I guess the Vice President two or three times, said I was coming from the left.",0
19333,"So I modified it, the largest tax increase in the history of the world.",1
7916,Let me say there is only one uh - point I would add.,0
6980,"Now, my fellow Americans, that's an invitation to disaster.",0
8936,"We have a back-up paper to my economic speech of a couple of weeks ago in Chicago, that gives all of the figures.",0
15312,"Well, that just isn't true.",0
9908,Making life so miserable on folks that they'll leave.,0
9193,We have fewer people working today than we had when the president took office.,1
14050,"Could be wrong, but I think so.",0
11868,In public education when we just move children through the schools.,0
19760,Now today the Secretary of State is in the Middle East and they've started negotiations and all those leaders promised me they would not quit until they resolved the issues between them and got the peace process going forward again.,1
17998,Free nations will help us achieve the peace we all want.,0
7932,"In fact, it would be deflationary; it would cause great unemployment; it would cause a real slowdown in our economy.",0
10714,"And sometimes those projects, not -- not the overhead projector that Senator Obama asked for, but some of them that are really good projects, will have -- will have to be eliminated, as well.",0
18814,We have committed $200 million worth of aid.,1
29121,"You have to judge us, who can shoulder the immense, awesome responsibilities of the presidency, who can put into action the plans that will make your life better.",0
34004,"And you know, Hillary, what you should have done, you should have changed the law when you were a United States senator...",0
33575,That's the only way we're going to be able to keep the peace.,0
8082,The Democratic party in this century has stood for something.,0
16591,We set up a simple structure of government that could be administrated fairly and it was a - a tremendous success.,0
12847,"The Soviet Union refused to agree to that, and we went to the summit and it was disastrous.",1
12537,We have always been willing to go the extra mile to negotiate for disarmament or in any other area.,1
11157,"Senator McCain, this is the guy who sang, ""Bomb, bomb, bomb Iran,"" who called for the annihilation of North Korea.",0
17969,I'll never give a veto to any country over our security.,0
21981,We've had 4 years where we've produced no private sector jobs.,1
5891,"Well, again, while you were on the board of the Woods Foundation, you and Mr. Ayers, together, you sent $230,000 to ACORN.",1
9139,"If you graduated in the top quarter of your airlines, we gave you a John and Abigail Adams scholarship, four years tuition free in the college of your choice in Massachusetts, it's a public institution.",1
30345,We cannot protect countries all over the world...,0
23343,I have -- was fought for a very strong title in the farm bill for the conservation reserve program to set aside millions of acres of land to help improve wildlife and the habitat.,1
29924,"I say nothing, because I was able to get him to produce it.",0
4085,"They have funded Hezbollah, they have funded Hamas, they have gone from zero centrifuges to 4,000 centrifuges to develop a nuclear weapon.",1
23720,And he was a risk that -- and this is where we just have a difference of opinion.,0
14661,We're doing better than a lot of the countries in the world.,1
21133,"When FDR established Social Security, they didn't call them IOUs, they called it the full faith and credit of the United States.",1
23199,"And plus, we cut taxes for everybody.",1
8508,"It was not an extreme bill and yet we could not get one Republican to join, at least I think four of the eight Democrats voted to send it to the floor of the House - not one Republican - and they joined with those Democrats who were opposed to it.",1
28835,"I'm against quotas, they're illegal.",0
12547,"That is why I say that in this period of the sixties, America must move forward in every area.",0
9486,That's part of what took us from deficits to surplus.,1
10168,"And it's referred to as an assault weapon ban, but it had, at the signing of the bill, both the pro-gun and the anti-gun people came together, because it provided opportunities for both that both wanted.",1
6601,There is a tax gap.,1
2849,The Soviet Union relationship with Syria is at a very low point.,1
6531,Five million Americans have lost their health insurance in this country.,1
18605,"The national intelligence assessment that was given to the president in July said, best-case scenario, more of the same of what we see today; worst-case scenario, civil war.",1
25124,"We were succeeding, and that was why the terrorist acts began.",0
6800,I think a hospitable society is a society where every being counts and every person matters.,0
14603,"We rank first in the country in job growth, we got the lowest spending, state and local, in the country, and the 2nd lowest tax burden.",1
20012,"You didn't even have tax cuts in your budget, Mr. President, the first two years you were president.",1
23469,Most small businesses are Subchapter S corps.,1
13500,"In addition, many of the countries around the world still keep restrictions against our goads, going all the way back to the days when there was a dollar shortage.",1
9810,"In fact, he doubled it.",1
12130,And Texas ranks 49th out of the 50 states in health care -- in children with health care.,1
7802,"But it's also tremendously important to bear in mind that when you pour in money without pouring in technical assistance at w- as well, that you have a disastrous situation.",0
22739,"Ladies and gentlemen, the right war was Osama bin Laden and Afghanistan.",0
12435,"I think that what -- I think the point of that is that anybody would have a hard time trying to make a tax cut plan that is so large, that would put us into such big deficits, that gives almost half the benefits to the wealthiest of the wealthy.",1
30111,"But when you look at NATO, I was asked on a major show, what do you think of NATO?",0
21309,"If you're paying $12, $13, $14 an hour for a factory worker, and you can move your factory south of the border, pay $1 an hour for labor, hire a young -- let's assume you've been in business for a long time.",0
24520,#NAME?,0
23875,"Now, I know that the only way he can win is to make everybody believe the economy's worse than it is.",0
27639,"When I came into office, we were still bogged down in Iraq and Afghanistan had been drifting for a decade.",1
4070,"What I'd also like to point out the Iranians are putting the most lethal IEDs into Iraq which are killing young Americans, there are special groups in Iran coming into Iraq and are being trained in Iran.",1
1086,"But to add one other feature, I don't control any of the tapes.",1
28944,"And, you know, we've heard a lot about -- from the governor about not much being done in the last eight years, as if the promises that I made eight years ago have not been kept.",1
21114,The trillion comes from the surplus.,1
730,That is my position on SDI and it's never wavered a bit.,1
33990,"And we were talking about immigrants a few minutes ago, Chris.",0
25179,"Not at all, Mr. Trewhitt, and I want you to know that also I will not make age an issue of this campaign.",0
21635,"There are 200,000 people in California, for example, who have lost their defense related jobs.",1
34165,And you will see the dozens of sources which verify that he was for the invasion of Iraq.,1
15900,I know others disagree with it.,0
14889,We had an even worse oil shock in 1979.,1
7806,"We must let them know that the great American ideals - of independence, of the right of people to be free, and of the right to progress - that these are ideals that belong not to ourselves alone, but they belong to everybody.",0
24359,The second biggest surplus next to Japan.,1
16885,"For example, this Congress, very shortly, will spend a billion dollars a year for its housekeeping, its salaries, its expenses and the like.",0
18342,I know how these people think.,0
14597,"Lock your wallet because he's coming right after you just like Jimmy Carter did and just like you're going to get -- you're going to end up with interest rates at 21%, and you're going to have inflation going through the roof.",1
28355,It's three times bigger than what President Clinton proposed.,1
26983,"First of all, Russia I indicated is a geopolitical foe.",1
21304,"We've shipped millions of jobs overseas and we have a strange situation because we have a process in Washington where after you've served for a while you cash in, become a foreign lobbyist, make $30,000 a month, then take a leave, work on presidential campaigns, make sure you've got good contacts and then go back out.",1
27928,"I met a young woman in -- in Philadelphia who's coming out of -- out of college, can't find work.",1
3482,"Two years ago, I warned that, because of the subprime lending mess, because of the lax regulation, that we were potentially going to have a problem and tried to stop some of the abuses in mortgages that were taking place at the time.",1
27846,...I would liquidate the industry.,0
25690,There's been millions and millions of dollars of negative advertising spent distorting my views.,1
17193,"And I think, as a part of that process, what I am trying to say will come across, and that is that we must lead, we must command, we must direct, and a President must see it like it is.",0
28716,"You know, some parents are worried about those filters, that you will have to ask your kids how to put them on there.",0
27543,"And by the way, you skipped Israel, our closest friend in the region, but you went to the other nations.",1
10769,Small businesses across America will have to cut jobs and will have their taxes increase and won't be able to hire because of Senator Obama's tax policies.,0
8663,But I want to answer as specifically as I can the question that you have just put to me.,0
17208,"I believe that -- and when I became Governor of California, I started this, and I continue it in this office -- that any issue that comes before me, I have instructed Cabinet members and staff they are not to bring up any of the political ramifications that might surround the issue.",0
17707,The connection that's been made again between the deficit and the interest rates -- there is no connection between them.,1
20585,Now he is trying to not release the votes and then go straight to a so-called runoff election without even announcing the results of the first vote.,1
30053,"And we're hoping that within the year we'll be able to push ISIS out of Iraq and then, you know, really squeeze them in Syria.",0
27789,And then we noticed that there was more than one with that same serial number.,0
29689,We've just seen those two tragic examples in both Tulsa and Charlotte.,0
6069,"They're seeing their premiums, their co-pays go up.",1
25270,This is the kind of leadership that we've had in this administration on the most deadly issue of our times.,0
34120,We announce we're going after Mosul.,0
13687,"They were at 21.5% under Jimmy Carter, and inflation was 15.",1
13856,I put my wallet on the table for you and your children.,1
17656,"But there, again, we found people that there under the previous administration, families that had no limit to income were still eligible for low-interest college loans.",1
5617,"And some of the cuts, just to give you an example, we spend $15 billion a year on subsidies to insurance companies.",1
30230,... of what we heard Donald say has been about nuclear weapons.,0
2662,It's because I care about education for all of our kids.,0
2316,"You had loan officers were -- that were giving loans and mortgages that really shouldn't have been given, because the folks didn't qualify.",1
24139,"But tell her it's not all that gloomy; we're the US, we faced tough problems before.",0
7896,I say that the American people don't want to go back to those policies.,0
18609,The reason why Prime Minister Allawi said they're coming across the border is because he recognizes that this is a central part of the war on terror.,1
352,Maybe we need to do a better job in mental clinics to help them.,0
6540,"We're the richest country on the face of the planet, the only industrialized nation in the world not to do it.",1
20086,I remember working with Senator Ribicoff from Connecticut on the Hospice program.,0
15767,"The Governor talks about limits, what we can't do, opposes these two modernization systems, talks now about well, we'll develop some new kind of a missile.",0
3014,And the shipment of Spruance-class destroyers to Iran are much more highly sophisticated than the Spruance-class destroyers that are present being delivered to our own Navy.,1
18594,"The way to make sure that we succeed is to send consistent, sound messages to the Iraqi people that when we give our word, we will keep our word, that we stand with you, that we believe you want to be free.",0
32725,"So we have announcements coming out of Washington and coming out of Iraq, we will be attacking Mosul in three weeks or four weeks.",1
11113,We will kill bin Laden; we will crush Al Qaida.,0
2518,He said he was going to lower tax rates.,1
23084,"I've been in Washington, D.C., three and a half years and led the Congress to reform Medicare so our seniors have got a modern health care system.",1
32664,She talks in favor of the rebels.,1
20352,"Instead of squabbling and finger pointing, he gets immediate help.",0
18776,There are sanctions in place on Iran.,1
10232,"Now, we're going to have to make sure that as we trade with other nations that they play by the rules.",0
28300,And local -- it's not enough to leave it up to the local school districts.,0
6764,"And they're proving today, every state, that they can manage them adequately.",0
29526,"I said, do you get audited?",0
12379,"It is going to be important for the president to be credible with Congress, important for the president to be credible with foreign nations.",0
19998,"The biggest crime increase in history, the biggest drug increase in history in Arkansas.",1
8620,"And I don't want historians, ten years from now, to say, these were the years when the tide ran out for the United States.",0
17352,And they want an American foreign policy that leads toward a safer world.,0
18709,"And that is, I wouldn't join the International Criminal Court.",0
16306,"Now, somebody has to bear the responsibility for this.",0
746,We've got to be tough on international terrorism.,0
25031,"And that's where the President has opposed practically every arms control agreement, by every President, of both political parties, since the bomb went off.",1
6020,"Right now, because of previous agreements, some made by President Clinton, the goods and products that we send to Colombia, which is our largest agricultural importer of our products, is -- there's a billion dollars that we -- our businesses have paid so far in order to get our goods in there.",1
12468,"I want to have an education system that sets high standards, local control of schools and strong accountability.",0
17143,"And that's why the Congress, including the Republicans, have not gone along with the President's recommendations.",1
25509,"And what I have to say about this is, many times -- and this has to do with the Philippines, also, I know there are things there in the Philippines that do not look good to us from the standpoint right now of democratic rights, but what is the alternative?",1
14250,"Well, I believe in the town hall meetings; they started with my campaign in New Hampshire.",0
14727,"On foreign affairs, some think it's irrelevant.",0
15528,And so I'm proud of my choice.,0
2115,Don't have the federal government tell everybody what kind of training programs they have to have and what kind of Medicaid they have to have.,0
8261,"And it is a fact that through most of these last twenty-five years the Republican leadership has opposed federal aid for education, medical care for the aged, development of the Tennessee Valley, development of our natural resources.",1
21718,Some of the states that have the toughest anti-gun laws have the highest levels of crime.,1
564,The vice president has a long resume.,0
29171,That is not how we grow the economy.,0
6709,"I broke with my party in order to balance the budget, and Ronald Reagan signed into law the tax cut that we voted for.",1
7284,And the prosecutions are up by about 68 percent -- I believe -- is the number.,1
16577,And I do advocate a pardon for - for draft evaders.,0
20464,I talked to him about how best to expedite the exploration of natural gas in Mexico and transport it up to the United States so we become less dependent on foreign sources of crude oil.,1
11523,"We don't know -- there are no inspectors now in Iraq, the coalition that was in place isn't as strong as it used to be.",1
3559,"He has asked for $932 million of earmark pork-barrel spending, nearly a million dollars for every day that he's been in the United States Senate.",1
26440,The president inherited growth of over 5 percent.,1
15226,We'll produce more coal this year than any year in history.,1
18581,"There are 100,000 troops trained, police, guard, special units, border patrol.",1
31989,"One of the women, who is a wonderful woman, at 12 years old, was raped at 12.",0
10663,"I have a clear record of reaching across the aisle, whether it be Joe Lieberman or Russ Feingold or Ted Kennedy or others.",1
23713,They didn't have the right body armor.,1
30419,"Some of it's said -- somebody who's been very vicious to me, Rosie O'Donnell, I said very tough things to her, and I think everybody would agree that she deserves it and nobody feels sorry for her.",0
15728,"We're not going to spend billions on MX's on railroad cars, which is a weapons system we don't need, can't afford and won't help our defense posture at all.",1
6691,"If you have a child, you got a $1,000 child credit.",1
21716,"Virginia's in the lead in this, as Governor Clinton properly said, on this identification system for firearms.",1
25351,"It's now 121/4, and I predict it'll be coming down a little more shortly.",1
755,"Yes, we shouldn't trade arms for hostages.",0
11566,When I was in the senate before I became vice president I was pushing for stronger action against Milosevic.,1
23645,"And we need to promote maternity group homes, which my administration has done.",1
30216,"I voted for every sanction against Iran when I was in the Senate, but it wasn't enough.",1
5557,"In fact, independent studies have looked at our respective plans and have concluded that I provide three times the amount of tax relief to middle-class families than Senator McCain does.",1
32950,It is -- our country has the slowest growth and jobs are a disaster.,1
26208,Because you got a big tax increase.,1
21329,And the way to do that is to increase our exports.,0
13145,"It may be a long period, but we must - we must get started immediately.",0
30293,"One of the great giveaways of all time, of all time, including $400 million in cash.",1
17090,"Before even the election day, something that none of those economists had even predicted had happened, that the economy was so worsened that I was openly saying that what we had thought on the basis of our plan could have brought a balanced budget -- no, that was no longer possible.",1
8518,The other party gives them lip service.,0
6833,"Businesses can contribute, employees can contribute on a contractual basis.",0
10140,And there are a number of things.,0
25564,The President says he wants to eliminate or reduce the number of nuclear weapons.,1
22032,The reason Medicare and Medicaid are a mess is we froze them.,1
13430,Governor Rockefeller says five per cent.,1
22993,My opponent says he hadn't changed his position on it.,1
20039,"And again I know Senator D'Amato I think may have had a hearing or two on Whitewater, I can't remember, but he's not my general chairman, he's a friend of mine.",0
26358,I spend a lot of time in hospitals.,0
2897,"I've uh - been one who's loved my nation as many Americans do, and I believe that there's no limit placed on what we can be in the future, if we can harness the tremendous resources - militarily, economically, and the stature of our people, the meaning of the Constitution, in the future.",0
11104,They're stronger now than at any time since 2001.,1
18565,"Now, the problem is that they didn't think these things through properly.",0
2336,That's one of the unintended consequences of Dodd-Frank.,1
13673,The answer is to invest and grow this economy.,0
20298,I think there was a good opportunity to bring Republicans and Democrats together to reform the Social Security system so seniors will never go without.,0
22802,"Sorry, time for diplomacy is over.",0
29338,"And then you heard what I said about it, and all of a sudden you were against it.",1
9075,Do you really think that our armed forces are really acceptably strong in those areas of conventional capability where they should be?,0
17432,"The farmers were the victims of the double-digit inflation and the 211/2-percent interest rates of the Carter-Mondale administration and the grain embargo, which destroyed our reliability nationwide as a supplier.",1
7253,The people I talked to their spirits were high.,0
21415,"In other words, we were down to 18% of them were making -- 18- to 24-year- olds were making less than $12,000.",1
25032,"And he now completes this term with no progress toward arms control at all, but with a very dangerous arms race underway instead.",1
11761,But I don't think the IMF ought to be a stop loss for people who ought to be able to evaluate risks themselves.,0
29769,"You know, the vibrancy of the black church, the black businesses that employ so many people, the opportunities that so many families are working to provide for their kids.",0
2471,That's already offered in the private marketplace.,1
8724,"And this is known oil reserves, known supplies.",0
10130,They're using cheap hand guns.,1
18203,"You know, we have to be right 100 percent of the time.",0
1547,We have came out of the recession and we're well on the road to real prosperity in this country again.,0
27270,"First of all, Governor Romney talks about small businesses.",0
28243,"Where there are no failing schools, where the classrooms are small enough in size, number of students, so that the teacher can spend enough one-on-one time with each student.",0
33750,"In fact, the Trump Hotel right here in Las Vegas was made with Chinese steel.",1
29065,"Should I be fortunate enough to become your president, when I put my hand on the Bible, I will swear to not only uphold the laws of the land, but I will also swear to uphold the honor and the dignity of the office to which I have been elected, so help me God.",0
9782,...the choice in this election is going to be whose promises are going to be more likely to help you in your life?,0
10048,It was a terrorist attack and it took a long time for that to be told to the American people.,1
27747,"They don't want to see the world break out into -- into various forms of chaos, because they have to -- they have to manufacture goods and put people to work and they have about 20,000 -- 20 million, rather, people coming out of the farms every year coming into the cities, needing jobs.",1
25261,"Very early in my administration I proposed -- and I think something that had never been proposed by any previous administration -- I proposed a total elimination of intermediate-range missiles, where the Soviets had better than a 10 -- and still have -- better than a 10-to-1 advantage over the allies in Europe.",1
32599,I worked very hard and was very proud to be re-elected in New York by an even bigger margin than I had been elected the first time.,1
2414,"First of all, I like the way we did it in Massachusetts.",0
21496,Mr. Bush said once again I was going to have $150 billion tax increase.,1
5667,... including $3 million for an overhead projector in a planetarium in his hometown.,1
25908,We had 7 billion this year and 10 billion more than the president.,1
238,I notice that the Governor did not mention any testing.,0
10763,"There has been five or six of them and if you wait long enough, there will probably be another one.",0
33424,Ronald Reagan was the last president...,0
33632,"Well, it's awfully hard to get them to pay up when you have somebody saying we think how great they are.",0
5884,The only involvement I've had with ACORN was I represented them alongside the U.S. Justice Department in making Illinois implement a motor voter law that helped people get registered at DMVs.,0
18061,"And so, today, we are 90 percent of the casualties and 90 percent of the cost: $200 billion -- $200 billion that could have been used for health care, for schools, for construction, for prescription drugs for seniors, and it's in Iraq.",1
11499,"After all, a lot of the energy is produced from the Middle East, and so I appreciate what the administration is doing.",1
22641,"He can't come here and tell you that he's created health care for Americans because, what, we've got 5 million Americans who have lost their health care, 96,000 of them right here in Missouri.",1
26392,"You know, regulations cost the average family right here, Democrat or Republican, about $7,000 a year.",1
15093,I have been accused lately of having a secret plan with regard to the hostages.,1
26712,"When you have 900 files gathered up by some guy who is a bouncer in a bar and hired a security officer to collect files, in Watergate -- I know a person who went to jail for looking at one file, one FBI file.",1
32,But we have got to instill values in these young people.,0
23692,"On the tax cut, it's a big decision.",0
2494,But that's already the law and that doesn't help the millions of people out there with preexisting conditions.,1
25216,"And then 5 days before the troops were killed, they went back to the President, through the Secretary of Defense, and said, ""Please, Mr. President, take those troops out of there because we can't defend them.''",1
25214,"First, the Joint Chiefs of Staff went to the President, said, ""Don't put those troops there.''",1
22204,"First of all, let me say that I've spent more of my time and life on this in the last 12 years than any other issue.",0
10680,"Energy we have to deal with today, because you're paying $3.80 here in Nashville for gasoline, and it could go up.",1
23510,Now that's not a flip-flop.,0
24099,"9 Nobel Prize-winning economists and 500 others, including numerous Republican and Democratic business executives, have endorsed this approach because it offers the best hope to put America back to work and get our incomes rising instead of falling.",1
33658,"... right now, our country is dying at 1 percent GDP.",1
13845,"And I had 5 small children, and my family and I decided we would stay the course, and we lived with that problem for 3 years.",0
31955,"I heard them when they were running for the Senate in New York, where Hillary was going to bring back jobs to upstate New York and she failed.",1
12516,How can we extend freedom - extend it without war?,0
27428,"In fact, this week we'll be carrying out the largest military exercise with Israel in history, this very week.",1
28552,I think we ought to raise the age at which juveniles can have a gun.,0
33092,"His children are incredibly able and devoted, and I think that says a lot about Donald.",0
1056,"Uh - I uh - agreed to give the interview uh - to Playboy Other people have done it who are notable - uh - Governor Jerry Brown, uh - Walter Cronkite, uh - Albert Schweitzer, Mr. Ford's own secretary of the treasury, Mr. Simon, uh - William Buckley - many other people.",1
3703,"We have -- as I said, we've let government get completely out of control.",0
9178,"And the fact that you're going to college is great, but I want everybody to get a great education and we've worked hard to make sure that student loans are available for folks like you, but I also want to make sure that community colleges are offering slots for workers to get retrained for the jobs that are out there right now and the jobs of the future.",1
23111,But it's less than 1 percent of the total cost of health care.,1
24628,Do not go to the extreme.,0
13635,"If you take a patient into the hospital that's bleeding arterially, step one is to stop the bleeding.",0
6516,"Bob, we relied upon a company out of England to provide about half of the flu vaccines for the United States citizen, and it turned out that the vaccine they were producing was contaminated.",1
29782,"And it's just a fact that if you're a young African-American man and you do the same thing as a young white man, you are more likely to be arrested, charged, convicted, and incarcerated.",1
16547,"We expected one at the time of the Vietnam War, but it was used up before we ever ended the war and taxpayers never got the adequate relief they deserved.",1
20397,For the first four years -- it takes a year to pass it and for the first four years only the poor are covered.,1
19804,I do not for a moment think I'm entitled to all the credit for all the good things that have happened in America.,0
17847,"Now, maybe I'm expected to ask that same question again.",0
30129,And they're going to do that.,0
24211,We've done it in Arkansas.,1
18028,And they're showing up in Iraq for the same reason.,0
32461,"And she could have done this years ago, by the way.",0
32917,"So, you know, she shouldn't be talking about that.",0
21739,"Brady Bill, I agree that it's a timid step in the right direction but it won't fix it.",0
19434,You had a surgeon -- or before General McCaffrey (ph) you had a lady who said we ought to consider legalizing drugs.,1
22453,Ninety percent are on the honor role.,1
3591,"Now, Senator Obama didn't mention that, along with his tax cuts, he is also proposing some $800 billion in new spending on new programs.",1
21091,It's a part of the Social Security system.,1
10242,So we're going to make sure that people we trade with around the world play by the rules.,0
19208,The average family's income has gone up over $1600 just since our economic plan passed.,1
6865,"Now, we also have people sicker because they don't have health insurance.",0
27838,That's the height of silliness...,0
19102,We passed family and medical leave.,1
22875,"That's why in my speech to the Congress I said: There's an ""Axis of Evil,"" Iraq, Iran and North Korea, and we're paying attention to it.",1
24015,"Well, Sander, that's a good question, and the answer is: for 40-some years we kept the peace.",1
3669,"And if we want to talk about oil company profits, under your tax plan, John -- this is undeniable -- oil companies would get an additional $4 billion in tax breaks.",1
8523,I think it's a matter that we should continue to uh - give uh - great care and attention to.,0
33345,I don't want to see the deportation force that Donald has talked about in action in our country.,0
24730,"Let me go back to the main point, Sandy.",0
24757,"As president I have to be sure that those waivers, which we're approving all over the place, are covered under the law.",1
1595,This doesn't have to be.,0
6504,"Gosh, I just don't think I ever said I'm not worried about Osama bin Laden.",1
13255,"I noted, for example, in reading a - uh - a - a particular discussion that Senator Kennedy had with Dave Garroway shortly after the uh - his statement about regrets, that uh - he made the statement that he felt that these particular flights uh - were ones that shouldn't have occurred right at that time, and the indication was how would Mr. Khrushchev had felt if we had uh - had a flight over the uni- how would we have felt if Mr. Khrushchev ha - uh - had a flight over the United States while uh - he was visiting here.",0
21253,"We have this incredible prosperity, but a lot of people have been left behind.",0
32663,"Now, she talks tough, she talks really tough against Putin and against Assad.",1
22379,I'm sure there are hundreds of others.,0
22086,"Six increases in the payroll tax -- that means people with incomes of $51,000 a year or less pay a disproportionally high share of the federal tax burden, which is why I want some middle-class tax relief.",1
18025,The enemy understands a free Iraq will be a major defeat in their ideology of hatred.,0
33808,She gave us ISIS as sure as you are sitting there.,0
25882,"I mean, we've cut defense spending too much in the first place.",1
26671,We ought to insist on access.,0
15147,"But taking that one no from the Soviet Union, we then went back into negotiations on their terms, because Mr. Carter had canceled the B-I bomber, delayed the MX, delayed the Trident submarine, delayed the cruise missile, shut down the Missile Man - the three - the Minuteman missile production line, and whatever other things that might have been done.",1
28578,For the last eight years I have had the challenge of running the streamlining program called Reinventing Government.,1
27513,"And I think that when the president said he was going to create daylight between ourselves and Israel, that they noticed that as well.",0
10752,"I mean, Senator McCain has been talking tough about earmarks, and that's good, but earmarks account for about $18 billion of our budget.",1
27668,Then you have the military and then you have the civilian government.,0
25039,"And that's where the President's failure to master, in my opinion, the essential elements of arms control has cost us dearly.",0
29714,"We have a situation where we have our inner cities, African- Americans, Hispanics are living in he'll because it's so dangerous.",1
32844,"You know, I started off as a young lawyer working against discrimination against African-American children in schools and in the criminal justice system.",0
660,"I'm not going to do that, because I think the jury is still out on the Soviet experiment.",0
7279,"I did think we ought to extend the assault weapons ban, and was told the fact that the bill was never going to move, because Republicans and Democrats were against the assault weapon ban, people of both parties.",1
22634,"Robin, I'm going to answer your question.",0
24135,"With interest rates down and inflation down, the cruelest tax of all, caught up in a global slowdown right now, that that will change if you go with the programs I've talked about and if you help with job retraining and education.",1
29420,"That's a -- that's -- go to the -- please, fact checkers, get to work.",0
29465,Then you didn't read it.,0
2427,"Right now, the CBO says up to 20 million people will lose their insurance as Obamacare goes into effect next year.",1
18752,"Colin Powell, our secretary of state, announced one day that we were going to continue the dialog of working with the North Koreans.",1
14329,"We told him he could take the northern part of Kuwait, and when he took the whole thing, we went nuts.",1
3804,And we are winning in Iraq.,1
29571,"And I have no reason to believe that he's ever going to release his tax returns, because there's something he's hiding.",0
13116,"And the question is if you surrender or indicate in advance that you're not going to defend any part of the free world, and you figure that's going to satisfy them, it doesn't satisfy them.",0
32090,"Our Justice Department, where our husband goes on to the back of a airplane for 39 minutes, talks to the attorney general days before a ruling is going to be made on her case.",1
19108,"And most important, let's make education our highest priority so that every eight-year-old will be able to read, every 12-year-old can log onto the Internet, every 18-year-old can go to college.",0
17210,I want to hear only arguments as to whether it is good or bad for the people -- is it morally right?,0
17384,"We have, to one-third of what it was.",1
23512,We need the things in it that coordinate the FBI and the CIA.,0
33042,But we are putting our energy companies out of business.,1
19579,"It is the strongest, best prepared, best equipped it has ever been.",0
33221,They're running millions of dollars of ads against me.,1
14393,"Now, let's go back to Saddam Hussein.",0
1210,"I have increased, as president, by over 60 percent the funding for water treatment plants in the United States, the federal contribution.",1
15851,So some of it is unfair.,0
13984,And there is this pattern that has plagued him in the primaries and now about trying to have it both ways on all these issues.,0
6220,"And then, on the floor of the Illinois State Senate, he voted present.",1
2077,"As I indicated before, when you talk about shifting Medicaid to states, we're talking about potentially a 30 -- a 30 percent cut in Medicaid over time.",1
2570,"Massachusetts, our schools are ranked number one of all 50 states.",1
3834,"Senator Obama said the surge could not work, said it would increase sectarian violence, said it was doomed to failure.",1
23847,"But I'd say, if you had to separate out, I think it's experience at this level.",0
6951,We're expanding veterans' health care throughout the country.,1
15893,"He said, no, she has leukemia, acute leukemia, a few weeks to live.",0
20637,I would take the use of force very seriously.,0
10228,This is the way we're going to create jobs in this country.,0
10035,"And when it comes to this issue, when I say that we are going to find out exactly what happened, everybody will be held accountable.",0
20868,I'm here with a group of 13 people from around the country who helped me prepare.,0
27285,"And if we've got math teachers who are able to provide the kind of support that they need for our kids, that's what's going to determine whether or not the new businesses are created here.",0
5749,I have a long record of reform and fighting through on the floor of the United States Senate.,1
4010,"I supported us going into Bosnia, when a number of my own party and colleagues was against that operation in Bosnia.",1
33471,"And I'll tell you what: We're in very serious trouble, because we have a country with tremendous numbers of nuclear warheads -- 1,800, by the way -- where they expanded and we didn't, 1,800 nuclear warheads.",1
8465,It was killed in the Rules Committee.,1
30363,I said she doesn't have the stamina.,1
10893,"Tom, wave like that and I'll look at you.",0
9881,"Now when the president ran for office, he said that he'd put in place, in his first year, a piece of legislation -- he'd file a bill in his first year that would reform our -- our immigration system, protect legal immigration, stop illegal immigration.",1
26213,It will help you in whatever you're going to do in the next few years.,0
17854,"If the job were finished, I might have thought twice about seeking reelection for this job.",0
3157,This kind of confusion and absence of leadership has let us drift now for two years with a constantly increasing threat of atomic weapons throughout the world.,0
13527,Laos is moving in that direction.,1
30120,"And, number two, I said, and very strongly, NATO could be obsolete, because -- and I was very strong on this, and it was actually covered very accurately in the New York Times, which is unusual for the New York Times, to be honest -- but I said, they do not focus on terror.",1
32487,But she is raising your taxes and I'm lowering your taxes.,1
21494,I've been disturbed by the tone and the tenor of this campaign.,0
14593,"He said I want to take it from the rich, raise $150 billion from the rich.",1
22629,But Saddam Hussein was a unique threat.,0
8994,For a belief that law must be based on a higher law.,0
16866,"President Truman vetoed on the average, while he was president, about thirty-eight bills a year.",1
13808,"Go back to Jimmy Carter, and interest rates were 21%, inflation was 15%.",1
33912,"But just briefly, the Clinton Foundation made it possible for 11 million people around the world with HIV-AIDS to afford treatment, and that's about half all the people in the world who are getting treatment.",1
17759,"Yes, we have a $263 billion deficit.",1
26911,"We see in -- in Libya, an attack apparently by, I think we know now, by terrorists of some kind against -- against our people there, four people dead.",1
26960,"With Mali now having North Mali taken over by Al Qaida; with Syria having Assad continuing to -- to kill, to murder his own people, this is a region in tumult.",1
16781,I think it's interesting to point out that uh - in the uh - two years that I've been president I've vetoed fifty-six bills.,1
7633,He knew these flights were going on long before and that wasn't the reason that he broke up the conference.,1
7046,And now this economy is growing.,1
8190,"Is it true that, as far as this country is concerned, in the field of electric power, in all of the fields that he has mentioned, we have not been moving ahead.",0
30008,"That just happened, and many more are coming.",1
26912,Our hearts and -- and minds go out to them.,0
16087,I think I've addressed it.,0
28830,And I want to honor that among his other achievements here.,0
7829,I believe this economy is sound and that we're going to move up.,0
28967,"You were promised that Medicare would be reformed, and that Social Security would be reformed.",1
12457,"If the tax cut is your number one, two, three and four priority, you can't do education.",1
26421,"In California, we made 37 billion dollars' worth of telecommunications equipment eligible for export for the first time.",1
7117,Four thousand people a day are coming across the border.,1
13150,"And to take a chance uh - now be - and not make every effort that we could make to provide for some control over these weapons, I think would be a great mistake.",0
498,But do not erode out of the system the thousand points of light.,0
27179,Our military is second to none in the world.,1
9039,But I believe it would have been much more unfair to have had John Anderson denied the right to participate in this debate.,1
2432,"They put out a plan, a bipartisan plan.",1
9311,"Same thing with oil, same thing with natural gas.",1
26241,The average person wasn't benefitting.,0
10356,We don't have to settle for 50 percent of kids coming out of college not able to get work.,1
15024,We've had a 73% increase in the allotment of Federal funds for improved education.,1
20773,"They make $51,000 combined income, they pay about $3500 in taxes.",1
27442,"The disagreement I have with Governor Romney is that, during the course of this campaign, he's often talked as if we should take premature military action.",1
20411,"And I'm proposing a plan that will give tax credits and tax incentives for the rapid development of new kinds of cars and trucks and buses and factories and boilers and furnaces that don't have as much pollution, that don't burn as much energy, and that help us get out on the cutting edge of the new technologies that will create millions of new jobs.",0
27137,That's the kind of leadership we'll continue to show.,0
23461,That's how they do things.,0
3244,And the last thing I wanna make is this.,0
19895,"If a local school district in Cleveland or anyplace else wants to have a private choice plan like Milwaukee did, let them have at it.",0
23143,"And finally, he said he's going to have a novel health care plan.",0
25755,"I think we have a real obligation, obviously public officials.",0
23604,"These are constitutional rights, and I want to make sure we have judges who interpret the Constitution of the United States according to the law.",0
25145,"-- me, or your own eyes?''",0
20597,It means that the United States must have a strong diplomatic hand with our friends in NATO.,0
22014,And it's a big fight.,0
29031,We have devoted ourselves to our children and now our nearly one-and-a-half-year-old grandson.,0
11497,"One of the reasons why I think it's important for this nation to develop an anti-ballistic missile system that we can share with our allies in the Middle East if need be to keep the peace to be able to say to the Saddam HusseinÃ¢â‚¬â„¢s of the world or the Iranians, don't dare threaten our friends.",0
17033,In the last few years government has gotten bigger and bigger; industry has gotten larger and larger; labor unions have gotten bigger and bigger; and our children have been the victims of mass education.,0
18087,"That's kind of a pre-September 10th mentality, the hope that somehow resolutions and failed inspections would make this world a more peaceful place.",0
11495,He better not be or there's going to be a consequence should I be the president.,0
6477,I want to thank Arizona State as well.,0
32837,It turned out to be a disaster.,0
287,I simply don't want to see the ratings on movies.,0
1725,"How we pay for that, reduce the deficit, and make the investments that we need to make, without dumping those costs onto middle-class Americans, I think is one of the central questions of this campaign.",0
27919,Twenty-three million Americans still struggling to find a good job.,1
3076,"We have a higher unemployment rate in this country than Great Britain, and West Germany.",1
8726,"We have a coal supply that is equal to 50% of the world's coal supply, good for centuries, in this country.",1
14569,"And the president said never, never, never would he raise taxes in New Jersey, and within a day Marlin Fitzwater, his spokesman, said now, that's not a promise.",1
9307,"And when I hear Governor Romney say he's a big coal guy, I mean, keep in mind, when -- Governor, when you were governor of Massachusetts, you stood in front of a coal plant and pointed at it and said, ""This plant kills,"" and took great pride in shutting it down.",0
27228,"Making sure that we're bringing manufacturing back to our shores so that we're creating jobs here, as we've done with the auto industry, not rewarding companies that are shipping jobs overseas.",1
21957,Everything comes out of your pocket and my pocket.,0
11983,"Jim, I hope that we can come back to the subject of education because the governor made an extensive statement on it and I have a very different view than the one he expressed.",0
25847,"You know, we have 17,000 men and women today wearing our uniform that receive food stamps.",1
13745,"I'd like to see a balanced budget amendment for America, to protect the American taxpayers, and then that would discipline not only the executive branch but the spending Congress, the Congress that's been in control of one party, his party, for 38 years.",1
21840,"It costs $20-25 billion a year, and I want to see those outrageous claims capped.",1
12256,A brown field is an abandoned industrial site that just sits idle in some of our urban centers.,1
19260,My balanced budget plan puts ten years on the Medicare.,1
33597,"I want to make college debt-free and for families making less than $125,000, you will not get a tuition bill from a public college or university if the plan that I worked on with Bernie Sanders is enacted.",1
15387,"Mr. President, once again, I happen to be against the amendment, because I think the amendment will take this problem out of the hands of elected legislators and put it in the hands f unelected judges.",0
33167,"But these were statements that should never, ever have been made.",0
28144,"You pick your own doctor, and nobody can take that away from you.",0
5650,Some people say that's a hatchet.,0
34056,They concluded there was no case; he said the FBI was rigged.,1
26483,Let me just give you one tiny example.,0
16483,"With that kind of limitation, on federal spending, we can fully justify the tax reductions that I have proposed.",1
10708,I first proposed a long time ago that we would have to examine every agency and every bureaucracy of government.,1
25113,"Then we went in with the multinational force to help remove, and did remove, more than 13,000 of those terrorists from Lebanon.",1
12782,"Part of that is because we've stood still here at home, because we haven't met our problems in the United States, because we haven't had a moving economy.",0
9312,And the proof is our oil imports are down to the lowest levels in 20 years.,1
26172,"He'll claim credit now for crime going down, but it happens because mayors and governors and others have brought crime down.",1
18056,"Those words mean something to me, as somebody who has been in combat.",0
6056,"If you've got health insurance through your employer, you can keep your health insurance, keep your choice of doctor, keep your plan.",1
715,That's-at least that's what I read.,0
286,But I don't agree with a lot of - most of the positions of the ACLU.,0
2431,They put a plan out.,0
32734,I can't think of any.,0
19242,I thought it was a good program.,0
16499,"Well, Mr. Ford is - is uh changing uh considerably his previous philosophy.",1
13211,"General Ridgway said - who was Chief of Staff: ""To go to war for Quemoy and Matsu to me would seem an unwarranted and tragic course to take.",1
273,"We just have a big difference on where this country should be led, and in what direction it ought to go.",0
20087,We now have 2500 hospices.,1
4038,"At one point, while you were focused on Iraq, you said well, we can ""muddle through"" Afghanistan.",1
25529,We need to make it clear we're for human liberty.,0
18563,"As I understand it, we're building some 14 military bases there now, and some people say they've got a rather permanent concept to them.",1
2537,"The federal government taking over health care for the entire nation and whisking aside the 10th Amendment, which gives states the rights for these kinds of things, is not the course for America to have a stronger, more vibrant economy.",1
12166,"But I want to remind you, the number of uninsured in America during their watch has increased.",1
5681,But it's not going to solve the problem.,0
28373,And that's because we structured the plan so that six million additional American families pay no taxes.,1
8237,"Now, does this mean that his program is better than ours?",0
10825,"So Medicare, it's going to be a little tougher.",0
15853,"Teddy Roosevelt used to talk about the arena, you know, daring to fail greatly or succeed, no matter.",0
23986,What I don't accept is demonstrating and organizing demonstrations in a foreign country when your country's at war.,0
22299,It takes public money and gives it to families or individuals to choose the school they want.,1
154,But the dynamics of the economy - we cut the taxes and revenues are up by 25 percent in three years.,1
14165,"I don't look on it personally as relevant, and I consider it really a waste of time tonight, when you consider the issues that face our country right now.",0
29594,That I can tell you.,0
26462,"Now, for four years that's what I worked on.",0
25462,"And the B - 1 is similarly to be opposed, because for 15 years the Soviet Union has been preparing to meet the B - 1.",1
20666,"Now, just because we don't want to get involved everywhere doesn't mean we should back off anywhere it comes up.",0
12532,One of the major errors they made was the one that led to the Korean War.,1
13850,"And since then, for years, I have lived with the burden of the Middle East, where it's eye for an eye and tooth for a tooth country, in terms of their unhappiness with the fact that I was successful in that effort.",0
24,We've got to get after the users more.,0
17853,"So far, it is only a beginning.",0
20886,You must say that if you receive money you must show us whether or not children are learning to read and write and add and subtract.,0
17865,"We have, as I said, cut the taxes, but we have reduced inflation, and for 2 years now it has stayed down there, not at double digit, but in the range of 4 or below.",1
26317,I'm going to keep my word to you.,0
20101,"When I ran for president, I said we'd cut the deficit in half in four years; we cut it by 60 percent.",1
25147,The Joint Chiefs urged the President not to put our troops in that barracks because they were indefensible.,1
29814,"When a person is on a watch list or a no-fly list, and I have the endorsement of the NRA, which I'm very proud of.",0
29860,"Look, the African-American community has been let down by our politicians.",0
30300,The deal with Iran will lead to nuclear problems.,0
29807,"They want support, they want more training, they want more assistance.",1
3936,I've been saying that for over a year now.,1
25814,I have heard you say this time after time.,0
25304,"I think you're right that the polls show that the majority of Hispanics want that bill, so I'm not doing it for political reasons.",1
11793,They're going to have to make the decision themselves.,0
444,And I do believe it would be inhibiting.,0
34256,Now they have -- he has aligned with Russia and with Iran.,1
29053,I want to have the military keeping the peace.,0
27568,This is the kind of thing that would have been discussed and thoroughly evaluated well before that kind of --,0
19310,The drunk driver had no money.,0
13512,"Mr. George Allen, the head of our information service, said that a result of our being second in space, in the sputnik in 1957, and I quote him, I believe I paraphrase him accurately.",1
17524,There are a million and a half people out there standing in line waiting to adopt children who can't have them any other way.,1
24740,"We set up a national ceiling on health care costs tied to inflation and population growth set by health care providers, not by the government.",1
4111,"Senator McCain mentioned Henry Kissinger, who's one of his advisers, who, along with five recent secretaries of state, just said that we should meet with Iran -- guess what -- without precondition.",1
33841,"And after that, a number of women have come forward saying that's exactly what he did to them.",1
32211,That's where the vast majority of people get their health care.,1
13192,"That is why I think the Senate was right, including a majority of the Democrats, a majority of the Republicans, when they rejected Senator Kennedy's position in 1955.",1
29524,"Look, I've been under audit almost for 15 years.",1
13810,We've cut it in half.,1
9223,You can ship jobs overseas and get tax breaks for it.,1
3364,Now we've been hurt in recent years in this country.,0
9200,"And one thing that the president said, which I want to make sure that we understand, he said that I said we should take Detroit bankrupt.",1
10466,We've got to stop sending $700 billion a year to countries that don't want us very -- like us very much.,1
24550,This is a relevant question here tonight.,0
3746,The problem with a spending freeze is you're using a hatchet where you need a scalpel.,0
6237,The last point I want to make on the issue of abortion.,0
15367,"He added the rate of unemployment and the rate of inflation, and it came, at that time, to 12.5% under President Ford.",1
27117,"And I want to make sure they get armed and they have the arms necessary to defend themselves, but also to remove -- to remove Assad.",0
30052,Our military is assisting in Iraq.,1
26729,"Because it's God's will, whatever happens.",0
33775,"Just like when you ran the State Department, $6 billion was missing.",1
16028,You did it in 1985.,1
2958,"In both cases where they've done so, there is no Soviet domination of Eastern Europe and there never will be under a Ford administration.",1
15071,Both I and all my predecessors have had a deep commitment to controlling the proliferation of nuclear weapons.,1
26068,It costs California taxpayers 3 billion dollars a year.,1
18576,"Now what greater admission is there, 16 months afterwards.",0
29644,I can only say that I'm certainly relieved that my late father never did business with you.,0
33114,I do disagree with her judgment in many cases.,0
6851,In the Senate we passed the right of Americans to import drugs from Canada.,1
27432,Their currency has dropped 80 percent.,1
9202,My plan was to have the company go through bankruptcy like 7-Eleven did and Macy's and Condell (ph) Airlines and come out stronger.,1
19839,"If we're going to have a private voucher plan, that ought to be done at the local level or the state level.",0
20119,"The S & L crisis was over, they're starting to sell assets, all that money was coming in.",0
15746,There are limits to this nation's ability to finance these weapons systems.,0
9020,"And so, not once, but twice - in 1971 - I voted on the floor of the House of Representatives against a Constitutional amendment that tried to bring prayer back into the public schools.",1
18313,"General Shinsheki, the Army chief of staff, said you're going to need several hundred thousand troops.",1
9402,He actually got the first question.,0
7531,"Over the next four years, we'll continue to insist on excellence in every classroom in America so that our children have a chance to realize the great promise of America.",0
32908,"She didn't answer it, because when Ambassador Stevens...",1
28833,"This is, with all due respect, Governor, that's a red herring.",0
27506,I think they saw weakness where they had expected to find American strength.,0
21189,"And the reason it's that important is that all of the other issues, whether prescription drugs for all seniors that are opposed by the drug companies or the patient's bill of rights to take the decisions away from the HMOs and give them to the doctors and nurses, opposed by the HMOs and insurance companies, all these other proposals are going to be a lot easier to get passed for the American people if we limit the influence of special interest money and give democracy back to the American people.",1
28109,"I think one of the problems we have, particularly for seniors, is there is no prescription drug coverage in Medicare.",1
5955,"But again, I want to come back to, notice every time Senator Obama says, ""We need to spend more, we need to spend more, that's the answer"" -- why do we always have to spend more?",0
22624,He was trying to get rid of sanctions for a reason: He wanted to restart his weapons programs.,1
28148,"If you have extraordinarily high cost, then they pay all over $4,000 out-of-pocket.",1
25109,"First of all, when we and our allies -- the Italians, the French, and the United Kingdom -- went into Lebanon, we went in there at the request of what was left of the Lebanese Government to be a stabilizing force while they tried to establish a government.",1
2707,"When -- when we were fighting about whether or not we were going to make sure that Americans had more security with their health insurance and they said no, yes, that was a fight that we needed to have.",0
5768,"One of them happened just the other day, when a man I admire and respect -- I've written about him -- Congressman John Lewis, an American hero, made allegations that Sarah Palin and I were somehow associated with the worst chapter in American history, segregation, deaths of children in church bombings, George Wallace.",1
22565,"You're 150 -- excuse me, I think it's a little more, about $100 million shy of what you ought to be under the No Child Left Behind Act to help your education system here.",1
1827,"That is, I want to bring down rates.",0
1432,It means that the American buyer is getting a better bargain today because inflation is less.,1
12681,"In effect, what Senator Kennedy recommends is that the United States government should give help to the exiles and to those within Cuba who oppose the Castro regime - provided they are anti-Batista.",1
28149,And I'll bring new competition to bring the price down.,0
19213,"But we are clearly better off than we were four years ago, as Senator Dole acknowledged this year.",0
23507,"Now, I voted for the Patriot Act.",0
30042,"But I will say, we are not doing the job we should be doing.",0
13011,There were eleven dictators when we came into power in 1953 in Latin America.,1
2563,"In fact we've seen layoffs of hundreds of thousands of teachers over the last several years, and Governor Romney doesn't think we need more teachers.",1
15901,"But when I was in that little church across the river from Washington and saw our grandchild christened in our faith, I was very pleased indeed that the mother had not aborted that child, and put the child up for adoption.",0
28347,We get nothing for it.,0
26689,"We just had a pretty serious dispute with China because they were copying our CDs, and costing thousands of jobs in places like California.",1
14128,I was opposed to the war.,1
1872,"Well, President, you're -- Mr. President, you're absolutely right, which is that, with regards to 97 percent of the businesses are not -- not taxed at the 35 percent tax rate, they're taxed at a lower rate.",1
11050,"We're spending $10 billion a month in Iraq at a time when the Iraqis have a $79 billion surplus, $79 billion.",1
22220,I don't think we should spend tax money on private schools.,0
7187,"Well, again, the president didn't answer the question.",0
15608,(Applause) And so I'm still a little unclear as to whether he's for or against the tax increase.,0
11808,I just -- I think that racial profiling is a serious problem.,0
26430,"For the first time in the 20th century the President has done that in all four years and that's why I don't want to see us blow a big hole in the deficit with a tax program we can't pay for, so your interest rates will go up, and you'll have to pay back in higher interest rates what you allegedly will get in a tax cut, so I say keep working on expanding the markets.",1
19971,"And then to let people save in an IRA and withdraw from it without a tax penalty for education, home buying or medical expenses, that's the right way to go into the 21st Century, balance the budget and cut taxes, not balloon with this $550 billion tax scheme.",0
4154,"And we ought to go back to a little bit of Ronald Reagan's ""trust, but verify,"" and certainly not sit down across the table from -- without precondition, as Senator Obama said he did twice, I mean, it's just dangerous.",0
16769,"For example, as I have said, we have added some four million jobs in the last seventeen months.",1
15402,"So, my heritage as a Southerner, my experience in the Oval Office, convinces me that what I have just described is a proper course for the future.",0
2809,"And the last point I wanna make is this: Mr. Ford, Mr. Kissinger have uh - continued on with the policies and failures of Richard Nixon.",0
9056,"Well, we, the living Americans, have gone through four wars.",0
10637,I have fought against excessive spending and outrages.,1
31933,"What we all saw and heard on Friday was Donald talking about women, what he thinks about women, what he does to women.",0
22838,"If he'd let the inspectors do their job and go on, we wouldn't have 10 times the numbers of forces in Iraq that we have in Afghanistan chasing Osama bin Laden.",1
138,So that's one of the things that I think makes a big difference between us.,0
24407,American airplanes are helping today on humanitarian relief for Sarajevo.,1
9821,"When he took office, 32 million people were on food stamps.",1
28065,"It says if youÃ¢â‚¬â„¢ve got a complaint with your insurance company, you can take your complaint to an objective body.",1
17380,"We'll continue to try to get things that we didn't get in a program that has already brought the rate of spending of government down from 17 percent to 6.1 percent, a program of returning authority and autonomy to the local and State governments that has been unjustly seized by the Federal Government.",1
13137,"This is a serious issue, and I think we ought to understand completely if we disagree, and if so, where.",0
21006,Can I comment on that?,0
29736,"We have to protect our inner cities, because African-American communities are being decimated by crime, decimated.",1
6023,The same country that's helping us try to stop the flow of drugs into our country that's killing young Americans.,1
21190,And I wish Governor Bush would join me this evening in endorsing the McCain-Feingold Campaign Finance Reform Bill.,0
16080,But I suggest that we understand that those are going to be additional costs on senior citizens across this country.,0
18261,"And the reason he didn't is, he said -- he wrote in his book -- because there was no viable exit strategy.",1
5878,And he will not advise me in the White House.,0
7420,"And as president, I am committed to changing that.",0
15272,"the air pollution standard laws that were passed in California were passed over the objections of Governor Reagan, and this is a very well-known fact.",1
26508,That's why we opposed the government take over health care plan that President Clinton tried and tried and tried to get through Congress.,1
26635,Reduce the capital gains rate.,0
22078,So I don't want you to read my lips and I sure don't want you to read his.,0
4391,"As far as our other issues that he brought up are concerned, I know the veterans.",0
29959,We settled the suit with zero -- with no admission of guilt.,1
289,I like those ratings systems.,0
33722,"Now, she can say that her husband did well, but, boy, did they suffer as NAFTA kicked in, because it didn't really kick in very much, but it kicked in after they left.",0
7618,The point that is always left out is the fact that we expressed regrets to Castro this winter; that we expressed regrets - the Eisenhower Administration expressed regrets - for a flight over Southern Russia in 1958.,1
34259,"We're giving them lots of money, lots of everything.",1
25060,"And that's an image of strength -- except that if he had had his way when the Nimitz was being planned, he would have been deep in the water out there because there wouldn't have been any Nimitz to stand on -- he was against it.",1
9564,That's math that doesn't add up.,0
8448,"Secondly, there have been statements made that uh - the Democratic platform would cost a good deal of money and that I am in favor of unbalancing the budget.",0
28335,94% comes from the local level.,1
6484,We held to account a terrorist regime in Saddam Hussein.,0
32596,"Hundreds of thousands of National Guard and Reserve members have health care because of work that I did, and children have safer medicines because I was able to pass a law that required the dosing to be more carefully done.",1
11236,We've got to provide moral support to the Poles and Estonia and Latvia and all of the nations that were former Soviet satellites.,0
6704,He voted to increase taxes 98 times and to bust the budget 277 times.,1
15114,"And that was, we had adequate warning that there was a threat to our embassy, and we could have done what other embassies did - either strengthen our security there, or remove our personnel before the kidnap and the takeover took place.",1
33908,The State Department has said that.,1
16929,"That story reported several times that I would lower taxes for low and middle-income families and uh - that correction was delivered to the White House and I am sure that the president knows about this uh - correction, but he still insists uh - on repeating an erroneous statement.",0
13419,The t- man who grows tomatoes - it costs less for those tomatoes than it does for the label on the can.,1
24233,We have low interest rates today.,1
33054,"And actually -- well, that was very interesting.",0
19409,"The most heavily directed, decorated solder in uniform when he retired.",0
24132,Therein is the best answer to her.,0
19003,"I'm not going to go around the country saying he didn't tell the truth, when he looked at the same intelligence I did.",0
24320,Our dollar's at an all time low against some foreign currencies.,1
6891,"Well, two leading national news networks have both said the president's characterization of my health-care plan is incorrect.",1
4049,"But the important thing is, if we suffer defeat in Iraq, which General Petraeus predicts we will, if we adopted Senator Obama's set date for withdrawal, then that will have a calamitous effect in Afghanistan and American national security interests in the region.",1
7443,And my opponent has got a plan of retreat and defeat in Iraq.,0
28428,And that fact is just not right.,1
20019,And hopefully in the next segment you could lay that to rest.,0
21624,"And that's why he wants to veto it, just like he vetoed an earlier bill this year.",1
18013,We have a duty to protect our children and grandchildren.,0
34396,Next year they're going to go up over 100 percent.,0
10831,"Now, just back on this -- on this tax, you know, again, it's back to our first question here about rhetoric and record.",0
3613,I want to cut that business tax.,0
26238,I supported that route for some time and again I think it gets back to experience.,0
20892,Because it's the cornerstone of reform in the State of Texas.,0
29938,"There was absolutely no evidence for it, but he persisted, he persisted year after year, because some of his supporters, people that he was trying to bring into his fold, apparently believed it or wanted to believe it.",1
26797,It's not about President Clinton.,0
9517,We can get this economy going again.,0
26168,I'm looking at our economic plan because I'm concerned about the future for young people.,0
530,"Were ready to go to work at the state and local level, all of us.",0
26146,"After he left the senate, we abandoned that.",0
13744,"Governor Clinton has to operate under a balanced budget amendment -- he has to do it, that is the law.",1
4399,"But, also, I have the ability, and the knowledge, and the background to make the right judgments, to keep this country safe and secure.",0
16354,Wasn't this the George Bush that supported Mr. Meese?,0
33942,Because she takes a tremendous amount of money.,1
12730,"I've been a member of the Senate Foreign Relations Committee; I run for the presidency with full knowledge that his great responsibility, really, given to him by the Constitution and by the force of events, is in the field of foreign affairs.",0
12926,"Then the President sent a mission, composed of Admiral Radford and Mr. Robertson, to persuade Chiang Kai-shek in the spring of fifty-five to withdraw from the two islands, because they were exposed.",1
9761,We saved an auto industry that was on the brink of collapse.,1
1963,The president said he'd cut the deficit in half.,1
32496,"And a lot of it has to do with the fact that our taxes are so high, just about the highest in the world.",1
3140,"They are a new weapons system that has a great potential, both conventional and nuclear armed.",0
28198,"We need a $2,000 credit, rebate for people, working people that don't have insurance, they can get in the marketplace and start purchasing insurance.",1
14510,"I'll have millions of people at my shoulder, shoulder to shoulder with me, and we will see it done work speed -- because it's wrong.",0
18240,"My opponent at one time said, ""Well, get me elected, I'll have them out of there in six months.""",1
14153,That's my big difference with him on the draft.,1
32047,"So, once again, go to HillaryClinton.com.",0
22240,"Keep in mind in 1960, when our schools were the envy of the world, we were spending $16 billion on them; now we spend more than any other nation in the world -- 199 billion a year -- and rank at the bottom of the industrialized world in terms of education achievement.",1
17222,"The safety net is there, and we're taking care of more people than has ever been taken care of before by any administration in this country.",1
5939,"I think that, obviously, she's a capable politician who has, I think, excited the -- a base in the Republican Party.",0
33950,We have the highest rating from the watchdogs that follow foundations.,1
30250,"The single greatest problem the world has is nuclear armament, nuclear weapons, not global warming, like you think and your -- your president thinks.",0
6930,It's estimated that 8 million people will go from private insurance to government insurance.,1
21625,This is not mud slinging.,0
22248,And we put up with that.,0
2905,"But my background, my experience, my knowledge of the people of this country, my commitment to our principles that don't change - those are the best bases to correct the horrible mistakes of this administration and restore our own country to a position of leadership in the world.",0
10527,"But you know, they're the ones that, with the encouragement of Senator Obama and his cronies and his friends in Washington, that went out and made all these risky loans, gave them to people that could never afford to pay back.",1
27175,Former chief of the -- Joint Chiefs of Staff said that -- Admiral Mullen said that our debt is the biggest national security threat we face.,1
15631,But I'm also a serious guy.,0
8071,"And I believe the people, therefore, should be asked to make up their minds not simply on the basis of, ""Vote the way your grandfather did; vote the way your mother did.""",0
2931,The secretary of state has made better than fifty speeches all over the United States explaining American foreign policy.,1
24435,I agree that we cannot commit ground forces to become involved in the quagmire of Bosnia or in the tribal wars of Somalia.,0
3154,Mr. Ford hasn't moved on this.,1
2819,Governor Carter in November of 1975 indicated that he wanted to cut the defense budget by $15 billion.,1
15845,Because it's gotten a little ugly out there.,0
20168,"I know who I am, and I know where I'm from, and I know where I want to take America.",0
18429,And I'll tell you exactly how.,0
29307,I'm going to have a special prosecutor.,0
12111,"Secondly, that you get a $2,000 rebate from the government if you're a family of $30,000 or less -- it scales down as you get higher -- that you can use to purchase health care in the private markets.",1
25805,We just recently ended those drive-by deliveries saying people can't be kicked out of the hospital by insurance companies when they've just had babies.,1
19259,I vetoed that bill because it cut more Medicare and and basically ran the risk of breaking up the system.,1
26539,It not only happened in California.,1
29325,And now you want to approve Trans-Pacific Partnership.,1
17789,Social Security is totally funded by the payroll tax levied on employer and employee.,1
15500,"And here I do have, on this particular question, a big difference with my opponent.",0
19446,"I know what it's like to see somebody you love nearly lose their lives, and I hate drugs, Senator.",0
32092,What you did -- and this is after getting a subpoena from the United States Congress.,1
27306,But that was 10 years before you took office.,1
33468,"If Russia and the United States got along well and went after ISIS, that would be good.",0
25163,That was a command decision made by the commanders on the spot and based with what they thought was best for the men there.,1
7159,"The No Child Left Behind Act says, ""We'll raise standards.",1
29892,"When I got involved, I didn't fail.",1
19657,The President held it up.,1
961,"I'm more optimistic today than I was when I began about this nation providing we have the kind of leadership in Washington that can work with you, that can build partnerships, that can build jobs in every part of this country, not certain parts of this country.",0
12711,His influence is strong enough today to prevent us from joi- getting the other countries of Latin America to join with us in economic quarantine.,0
1072,"But I do make a pledge that in the next ten days when we're asking the American people to make one of the most important decisions in their lifetime, because I think this election is one of the mast vital in the history of America, that uh - we do together what we can to stimulate voter participation.",0
29941,So he has a long record of engaging in racist behavior.,1
27528,"And when it comes to tightening sanctions, look, as I said before, we've put in the toughest, most crippling sanctions ever.",1
21835,"Barbara's sitting over here and I -- but what I have proposed, 10% cut, downsize the government, and we can get that done.",1
18746,"If they weren't willing to work a deal, then we could have put sanctions together.",0
18325,"When the Secretary General Kofi Annan offered the United Nations, he said, ""No, no, we'll go do this alone.""",0
16917,"Mr. Ford quite often puts forward a program just as a public relations stunt, and never tries to put it through the Congress by working with the Congress.",1
13428,This Administration and this country last year had the lowest rate of economic growth - which means jobs - of any major industrialized society in the world in 1959.,1
16913,It's a matter of leadership or no leadership.,0
15398,We're now working on the communications industry.,1
237,The Surgeon General is doing a good job in encouraging the proper kind of education.,0
13015,Not one of them selected a Communist government.,1
29340,"The facts are -- I did say I hoped it would be a good deal, but when it was negotiated...",1
6678,"And if we do that, we can have an impact.",0
16793,About a thousand raised their hands.,1
25602,This weakens the chances of civilization to survive.,0
27387,We're now at under 285.,1
4143,He said that there could be secretary-level and lower level meetings.,1
21073,"The governor wants to divert 1 out of every $6 off into the stock market, which means that he would drain a trillion dollars out of the Social Security Trust Fund in this generation over the next ten years, and Social Security under that approach would go bankrupt within this generation.",1
21498,He's got over $100 billion of tax cuts and incentives.,1
33721,"I pass factories that were thriving 20, 25 years ago, and because of the bill that her husband signed and she blessed 100 percent, it is just horrible what's happened to these people in these communities.",1
14563,"My plan says that we want to raise marginal incomes on family incomes above $200,000 from 31 to 36 percent, that we want to ask foreign corporations simply to pay the same percentage of taxes on their income that American corporations play (sic) in America, that we want to use that money to provide over $100 billion in tax cuts for investment in new plant and equipment, for small business, for new technologies, and for middle class tax relief.",1
10268,"One of his big ideas when it comes to corporate tax reform would be to say, if you invest overseas, you make profits overseas, you don't have to pay U.S. taxes.",1
2643,"But you make a very good point, which is that the place you put your money just makes a pretty clear indication of where your heart is.",0
15417,"I've had to make thousands of decisions, and each one of those decisions has been a learning process.",0
28998,Because the trillion dollars that has been promised to young people has also been promised to older people.,1
32673,I'm sure you probably have heard that.,0
21072,Social Security is a trust fund that pays the checks this year with the money that is paid into Social Security this year.,1
24674,They're not as stupid as Washington thinks they are.,0
2194,"They recruit them, leaving the older, sicker seniors in Medicare.",1
10230,"Trickle-down government has never worked here, has never worked anywhere.",1
12657,"What we do in this country, the kind of society that we build, that will tell whether freedom will be sustained around the world.",0
15353,"Barbara, reluctant as I am to say anything critical about Governor Reagan, I will try to answer your question.",0
12534,They thought they were going to have peace - it brought war.,1
33027,"Now, I'm all for alternative forms of energy, including wind, including solar, et cetera.",0
25346,"These high interest rates -- real rates that have doubled under this administration -- have had the same effect on Mexico and so on, and the cost of repaying those debts is so enormous that it results in massive unemployment, hardship, and heartache.",1
6597,"He talks about being a fiscal conservative, or fiscally sound, but he voted over -- he voted 277 times to waive the budget caps, which would have cost the taxpayers $4.2 trillion.",1
14625,"And you can take it out on charts, you look at all the studies the different groups have done, you go out 4, 5, 6 years, we're still drifting along with a huge deficit.",1
22281,We can't have the industries of tomorrow unless we have the best educated workforce.,0
33170,"But I feel that it's absolutely important that we uphold, because of the fact that it is under such trauma.",0
29183,That's the kind of economy I want us to see again.,0
9209,That was precisely what I recommended and ultimately what happened.,1
2217,They'll have at least two plans.,1
23251,"A $25 billion giveaway to the biggest corporations in America, including a $254 million refund check to Enron.",1
32164,"Number four, if you're under 26, and your parents have a policy, you can be on that policy until the age of 26, something that didn't happen before.",1
12577,"Mr. Nixon earlier indicated that he would defend Quemoy and Matsu even if the attack on these islands, two miles off the coast of China, were not part of a general attack an Formosa and the Pescadores.",1
27392,We've changed for the first time since FDR -- since FDR we had the -- we've always had the strategy of saying we could fight in two conflicts at once.,1
13417,The fa- the farmer who grows wheat gets about two and a half cents out of a twenty-five-cent loaf of bread.,1
15799,"I think of people in the law enforcement community who are taking their lives in their hands everyday, when they go up to one of those doors and kick it down and try to stop this flow of drugs into our communities and into our kids.",0
13271,"I never criticized the U-2 flights in general, however.",1
140,That happens to be a fact.,1
11289,"What would you do if you were the Israelis and the president of a country says that they are -- they are determined to wipe you off the map, calls your country a stinking corpse?",0
33843,"Well, he held a number of big rallies where he said that he could not possibly have done those things to those women because they were not attractive enough for them to be assaulted.",1
19202,"We have ten and a half million more jobs, a faster job growth rate than under any Republican administration since the 1920s.",1
19236,"Now, my balanced budget plan adds ten years to the life of the Medicare trust fund, ten years.",1
4076,"Well, let me just correct something very quickly.",0
14202,"If you create Saddam Hussein, over a 10-year period, using billions of dollars of US taxpayer money, step up to the plate and say it was a mistake.",1
32623,And there is a determined effort by the Russian air force to destroy Aleppo in order to eliminate the last of the Syrian rebels who are really holding out against the Assad regime.,1
27631,"But Pakistan is important to the region, to the world and to us, because Pakistan has 100 nuclear warheads and they're rushing to build a lot more.",1
19757,"I would like to have had a big, organized summit, but those people were killing each other, rapidly, innocent Arab children, innocent Israeli people, they were dying.",1
25764,My word is my bond.,0
11977,"But I'm going to be respectful for people, I'll tolerate people, and I support equal rights but not special rights for people.",0
23392,But this president didn't try to fix it.,1
5653,We have presided over the largest increase in government since the Great Society.,1
8764,"Even though it's true that, perhaps, between now and the end of the decade, our total consumption of oil may not increase by more than, perhaps, a million or 2 million barrels of oil a day.",1
21919,That's true of any family.,0
1220,"The claim that it would have put hundred and forty thousand miners out of work is uh - hard to believe, when at the time Mr. Ford vetoed it, the United Mine Workers was uh - supporting the bill.",1
24846,And we kicked this man out of Kuwait.,1
23541,Embryonic stem-cell research requires the destruction of life to create a stem cell.,1
33899,"... but those other charges, as she knows, are false.",1
2719,"The auto workers that you meet in Toledo or Detroit take such pride in building the best cars in the world, not just because of a paycheck, but because it gives them that sense of pride, that they're helping to build America.",1
16995,This is uh - not compatible with the purpose of our nation.,0
25943,"We sent it to the Clinton Administration for implementation, and they waited three and a half years.",1
22041,A 1% increase in interest rates in that $2.8 trillion is $28 billion a year.,1
27799,If we take your advice with respect to how we change our tax codes so that companies that earn profits overseas don't pay U.S. taxes compared to companies here that are paying taxes.,0
3448,Our thoughts and prayers go out to the lion of the Senate.,0
30013,"I was just recently endorsed -- 16,500 Border Patrol agents.",1
13655,"For one thing, let me just follow up here.",0
6253,We'll do everything we can to improve adoption in this country.,0
20232,"It is a plan that will have 200 new programs -- expanded programs and creates 20,000 new bureaucrats.",1
7873,"If our view prevails that we have to do more, that we have to make a greater national and international effort, that we have lost prestige in Latin America - the President of Brazil - the new incumbent running for office called on Castro during his campaign because he thought it was important to get the vote of those who were supporting Castro in Latin America.",1
7013,"I support it for the middle class, not that part of it that goes to people earning more than $200,000 a year.",0
32502,"Well, everything you've heard just now from Donald is not true.",1
4046,But the important thing is -- the important thing is I visited Afghanistan and I traveled to Waziristan and I traveled to these places and I know what our security requirements are.,0
28718,"And recently the Federal Trade Commission pointed out that some of these entertainment companies have warned parents that the material is inappropriate for children, and then they've turned around behind the backs of the parents and advertised that same adult material directly to children.",1
15374,"That's why I believe there are going to be millions of Democrats that are going to vote with us this time around, because they too want that promise kept.",0
24314,There are three fundamental challenges.,0
25375,"There has never been a weapon invented in the history of man that has not led to a defensive, a counterweapon.",1
22809,"I remember sitting in the White House looking at those generals, saying, ""Do you have what you need in this war?",0
19910,But this is a very liberal administration.,0
26030,We have ideas in the Dole-Kemp campaign and we will rescue Medicare as we did Social Security.,0
20750,"Under Vice President Gore's plan, he is going to grow the federal government in the largest increase since Lyndon Baines Johnson in 1965.",1
34288,"That does not solve our internal challenges with ISIS and our need to stop radicalization, to work with American Muslim communities who are on the front lines to identify and prevent attacks.",0
25210,"I want to quote somebody a little closer to home, Harry Truman.",0
19295,The President wants to increase spending 20 percent over the next six years.,1
14339,-- and Glaspie's papers have been presented to the US Senate.,1
7846,I cannot still understand why this Administration and Mr. Nixon oppose putting medical care for the aged under Social Security to give them some security.,1
19632,"A lot of these election-year conversions, the President talks about the drug money, and all the other things, all this antismoking campaign all happened in 1996.",1
33067,"So I have a comprehensive energy policy, but it really does include fighting climate change, because I think that is a serious problem.",1
3616,It's a lot more than $18 billion in pork-barrel spending.,1
3104,In 1975 he wanted to cut the budget $15 billion.,1
34177,There are an estimated several thousand fighters in Mosul.,1
2485,"Innermountain Healthcare does it superbly well, Mayo Clinic is doing it superbly well, Cleveland Clinic, others.",1
18932,And that is another way to help deal with the threats that we face in the 21st century.,0
7818,"Now in the last Congress - the special session of the Congress - there was a bill: one by the President, one by Senator Kennedy and members of his party.",1
33887,"He went after John McCain, a prisoner of war, said he prefers ""people who aren't captured.""",0
12706,If the United States had stronger prestige and influence in Latin America it could persuade - as Franklin Roosevelt did in 1940 - the countries of Latin America to join in an economic quarantine of Castro.,1
32492,"If China has a GDP of 7 percent, it's like a national catastrophe.",0
2422,You've raised them by $1 trillion under Obamacare.,1
13387,We're going to go right back to what we had under Mr. Truman when he had political control of the Federal Reserve Board.,1
28228,One of the good things we've gone in Texas is we have strong accountability because you can't cure unless you know.,0
7150,"Now, I think that it's a matter of fundamental right that if we raise the minimum wage, 15 million Americans would be positively affected.",0
5824,"And what they want is the ability to just focus on some really big challenges that we face right now, and that's what I have been trying to focus on this entire campaign.",0
20239,"Under Governor Bush's tax cut proposal, he would spend more money on tax cuts for the wealthiest 1% than all of the new spending that he proposes for education, health care, prescription drugs and national defense all combined.",1
33359,"When it comes to the wall that Donald talks about building, he went to Mexico, he had a meeting with the Mexican president.",1
19659,But it will cover preexisting conditions.,1
17427,I found that was rather difficult to do.,0
2878,"We didn't go in until right before the election, similar to what was taking place in 1972, when Mr. Kissinger announced peace is at hand just before the election at that time.",0
12025,An I don't think that is going to be an effective tool to make the -- keep our society safe.,0
26081,"I, I still remember a woman that I met ten years ago who said she wanted to get off welfare so her kids could tell, give an answer when they say, ""What does your mother do for a job?""",0
3291,We did the right thing.,0
9303,We've opened up public lands.,1
33793,"And on the day when I was in the Situation Room, monitoring the raid that brought Osama bin Laden to justice, he was hosting the ""Celebrity Apprentice.""",1
33312,First time they've ever endorsed a candidate.,1
33172,They will have a conservative bent.,0
26624,"So we've got to figure out how are we going to have more people with pension plans, and pension coverage has been declining as more and more people work for small businesses and fewer people work for big businesses.",1
11709,No one is suggesting that.,0
13117,"It only whets their appetite; and then the question comes, when do you stop them?",0
2154,"And the answer is neither the president nor I are proposing any changes for any current retirees or near retirees, either to Social Security or Medicare.",1
7436,"And the way I view it is there's a lot of entrenched special interests there, people who are, you know, on one side of the issue or another and they spend enormous sums of money and they convince different senators to taut their way or different congressmen to talk about their issue, and they dig in.",0
12050,"Well, I'm not for photo licensing.",0
25590,"Tonight, as Americans, you have a choice.",0
6493,But absolutely we can be secure in the long run.,0
10121,And her son had been shot through the head.,0
20899,"I believe if we find poor children trapped in schools that won't teach, we need to free the parents.",0
4053,"A testimony to you, Jim.",0
7968,What I criticized were the policies that made it necessary to go to Korea.,1
3798,"Our initial military success, we went in to Baghdad and everybody celebrated.",0
14256,And in 12 years as governor I guess I've taken on every interest group there was in my state at one time or another to fight for change.,1
19638,There were several off-the-subject quaffers in that litany.,0
27515,"Now there are some 10,000 centrifuges spinning uranium, preparing to create a nuclear threat to the United States and to the world.",1
27674,We -- we had to go into Pakistan.,0
18992,I can't say it any more plainly.,0
9562,"I ran the -- the state of Massachusetts as a governor, to the extent any governor does, and balanced the budget all four years.",1
18335,What's he say to Tony Blair?,0
19207,We had the biggest drop in income inequality in 27 years in 1995.,1
17472,"At the same time, in our Judeo-Christian tradition, we recognize the right of taking a human life in self-defense.",1
25253,"I demanded an apology from Vice President Bush because I had, instead, honored these young men, grieved for their families, and think they were wonderful Americans that honored us all.",0
14909,"We have demanded that the American people sacrifice, and they have done very well.",0
1283,"Uh - what we're doing is saying that there are opportunities, business opportunities, educational opportunities, responsibilities uh - where people with talent, black or any other minority, can fully qualify.",0
5869,This has been their primary focus.,1
20245,Our country has cut the welfare rolls in half.,1
28715,And a feature that allows parents to automatically check with one click what sites your kids have visited lately.,0
11075,"If we had done what Senator Obama wanted done in Iraq, and that was set a date for withdrawal, which General Petraeus, our chief -- chairman of our Joint Chiefs of Staff said would be a very dangerous course to take for America, then we would have had a wider war, we would have been back, Iranian influence would have increased, al Qaeda would have re- established a base.",0
14448,"The mistake that both parties made in Washington with the S&L business was deregulating them without proper capital requirements, proper oversight and regulation, proper training of the executives.",1
14644,They're almost at the bottom on every single category.,1
27279,And they're starting to finally make progress.,0
20630,"Well, if it's in our vital national interests, and that means whether our territory is threatened or people could be harmed, whether or not the alliances are -- our defense alliances are threatened, whether or not our friends in the Middle East are threatened.",0
28418,"You may not be one of them, you're just not one of the right people.",0
33991,"You know, half of all immigrants -- undocumented immigrants in our country -- actually pay federal income tax.",1
1588,Our education system can be improved.,0
25585,"I believe we need to be strong, and I will keep us strong.",0
25269,"When Mr. Nitze, a good negotiator, returned, he was rebuked, and his boss was fired.",1
12065,And we can enforce law.,0
14325,"We told him that we wouldn't get involved with his border dispute, and we've never revealed those papers that were given to Ambassador Glaspie on July the 25th.",1
4025,I know what thatÃ¢â‚¬â„¢s like when an army is defeated.,0
25052,"We ought to pursue strategies with each of them, economic and the rest, that help them pull away from their dependence upon the Soviet Union.",0
19700,"And what we've done during the Bush administration, the Kurds were at the State Department, negotiating, trying to work their differences out.",1
19585,The interests of the American people must be at stake.,0
11837,"And as for singling people out because of race, you know, James Byrd was singled out because of his race in Texas.",0
25902,"I would have to see what they wanted to do, but I don't believe that will be the request.",0
8624,"And it is to that great task, if we're successful, that we will address ourselves.",0
27556,And I was reminded of what that would mean if those were my kids.,0
13734,"Mr. Perot, with all respect, I think it is highly relevant, and I think that a 4-billion dollar budget of state and federal funds is not all that small, and I think the fact that I took a state that was one of the poorest states in the country and had been for 153 years and tried my best to modernize its economy and to make the kind of changes that have generated support from people like the presidents of Apple Computer and Hewlett-Packard and some of the biggest companies in this country, 24 retired generals and admirals and hundreds of business executives, are highly relevant.",1
18461,My opponent calls it a mistake.,0
33643,You go upstate New York.,0
2981,They didn't volunteer the information.,1
21314,There will be a job-sucking sound going south.,0
24957,And what about the mining of the harbors in Nicaragua which violated international law?,0
2680,We cut taxes 19 times.,1
4191,They have to remove themselves from South Ossetia and Abkhazia.,0
20963,"You know, as governor, one of the things you have to deal with is catastrophe.",0
19321,"Well, I don't know in the case of the trial lawyers.",0
23069,You know what he did?,0
11045,"When Senator McCain was cheerleading the president to go into Iraq, he suggested it was going to be quick and easy, we'd be greeted as liberators.",1
19325,"The trial lawyers and I don't -- you know, my wife's a lawyer.",0
29150,"They left -- fired 1,400 people.",1
27440,So the work that we've done with respect to sanctions now offers Iran a choice.,1
16778,"Well, that bill has not yet come down to the Oval Office, so I am not in a position to make any judgment on it tonight.",1
17599,"If you got the Government down to the lowest level, that you yourself could say it could not go any lower and still perform the services for the people, and if the recovery was so complete that you knew you were getting the ultimate amount of revenues that you could get through that growth, and there was still some slight difference there between those two lines, then I had said once that, yes, you would have to then look to see if taxes should not be adjusted.",0
10295,"Number two, by stealing our intellectual property; our designs, our patents, our technology.",0
27811,But the president mentioned the auto industry and that somehow I would be in favor of jobs being elsewhere.,1
19527,Now I understand it's been extended 'til some time next year.,1
5636,And they went out and bought up these mortgages.,1
22801,"But the president just arbitrarily brought the hammer down and said, ""Nope.",1
30150,I did not support the war in Iraq.,1
6949,That's twice the amount that my predecessor increased VA funding.,1
1593,The budget was more grossly out of balance last year than ever before in the history of our country - $65 billion - primarily because our people are not at work.,1
24103,"I don't believe it is fair to slap a 50-cent-a-gallon tax over whatever many years on the people that have to drive for a living, people that go long distances.",0
15793,"I think of classroom teachers, classroom teachers that I have had, classroom teachers that youngsters have today who are real heroes to our young people.",0
17257,I have no hesitancy in saying so.,0
21269,"She gets a small pension, but in order to pay for her prescription drug benefits, she has to go out seven days a week several hours a day picking up cans.",0
18147,And we don't have enough troops there.,0
1874,Those are the businesses that employ one-quarter of all the workers in America.,1
14503,"I don't have a free reserved parking place at Natl Airport, why should my servants?",0
34326,But I'm going to create a -- the kind of a country that we were from the standpoint of industry.,0
19205,We have the biggest drop in the number of people in poverty in 27 years.,1
15544,"Mr. Bush picked Dan Quayle, and before he did it, he said, watch my choice for vice president, it will tell all And it sure did.",0
28566,"But I am familiar with the statement, and it was made by one of the top-ranking officials of that organization.",1
16491,"I'm sure that you know that in the resolutions passed by the Congress, that have added about $17 billion in more spending, by the Congress over the budget that I recommended.",1
32104,"Oh, you didn't delete them?",0
18358,"Secondly, when we went in, there were three countries: Great Britain, Australia and the United States.",1
27238,"Now, Governor Romney has taken a different approach throughout this campaign.",0
19883,"Now that's not reform, Mr. President.",0
2247,Can we -- can we stay on Medicare?,0
24325,They don't go to war with each other.,0
6280,There's no doubt that we have achieved equal access to schools in America after a long and difficult and terrible struggle.,0
22137,"See, for 45 years we were preoccupied with the Red Army.",1
34262,"But if they ever did overthrow Assad, you might end up with -- as bad as Assad is, and he's a bad guy, but you may very well end up with worse than Assad.",0
22013,It is absolutely essential in terms of bringing our banking system and credit system into the new age instead of having it living back in the dark ages.,0
2603,"And I -- and I agree with Secretary Arne Duncan, he's -- some ideas he's put forward on Race to the Top, not all of them, but some of them I agree with and -- and congratulate him for pursuing that.",0
22266,In Texas you could have unlimited absences to go to livestock shows.,1
13524,"The candidate who was a candidate for the president of Brazil, took a trip to Cuba to call on Mr. Castro during the election in order to get the benefit of the Castro supporters uh - within Brazil.",1
2337,It wasn't thought through properly.,0
15244,This is particularly true of the recent efforts to shut down part of Alaska.,1
9609,"We did it by taking $60 billion that was going to banks and lenders as middlemen for the student loan program, and we said, let's just cut out the middleman.",1
12305,But I certainly would have consulted with governors and elected officials before I would have acted unilaterally.,0
31842,"We are going to be looking for ways to celebrate our diversity, and we are going to try to reach out to every boy and girl, as well as every adult, to bring them in to working on behalf of our country.",0
2092,"And in one year, you provided $90 billion in breaks to the green energy world.",1
3236,"While the secretary of state's in one country, there are almost a hundred and fifty others that are wondering what we're gonna do next, what will be the next secret agreement.",0
9323,"How much did you cut them by, then?",0
21015,We have gone from a triple-dip recession during the previous 12 years to a tripling of the stock market.,1
22461,"Now, if you don't want to really do that I'm not your man.",0
29058,"I don't think the surplus exists because of the ingenuity and hard work of the federal government, I think it exists because of the ingenuity and hard work of the American people.",0
26612,It will probably happen in the year 2012 or 2015.,0
20612,"But being as they have not yet been willing to recognize Kostunica as the lawful winner of the election, I'm not sure it's right for us to invite the president of Russia to mediate this -- this dispute there because we might not like the results that comes out of that.",0
15821,"say, he is our hero.",0
34199,We could have gained if they did it by surprise.,0
26102,Federal government doesn't do that.,0
12069,And that's where our society must head if we're going to be a peaceful and prosperous society.,0
29631,"It would be squandered, too, believe me.",0
11216,"Now, long ago, I warned about Vladimir Putin.",0
29006,"You know, it's not a bank account that just pays back money that's invested.",0
22215,And community colleges are on the job.,0
27626,"There are now a large number of Afghan Security Forces, 350,000 that are ready to step in to provide security and we're going to be able to make that transition by the end of 2014.",1
1913,My plan is not like anything that's been tried before.,1
718,I'm not reconsidering my position.,0
11504,"And one of the reasons that's important is that Israel cannot have direct dialogue with some of the people on the other side of conflicts, especially during times of tension, unless that dialogue comes through us.",0
14562,My plan -- you can read my plan.,0
17723,"And the result is interest costs that have never been seen before in terms of real charges, and it's attributable to the deficit.",1
566,"And we now know that he was not out of the loop; he was in meeting after meeting listening to Secretary Shultz and Secretary Weinberger opposing that, and yet he supported it.",1
16822,"Over 50 percent - 53 to be exact - percent of the tax benefits go to the 14 percent richest people in this country, and we've had a 50 percent increase in payroll deductions since Mr. Nixon went in office eight years ago.",1
373,"Well, I certainly hope not.",0
23431,"It's good for small businesses, good for owners.",0
10447,It means that we are cracking down on CEOs and making sure that they're not getting bonuses or golden parachutes as a consequence of this package.,0
33464,Now we can talk about Putin.,0
4371,"In the meantime, we've got challenges, for example, with China, where we are borrowing billions of dollars.",1
7037,"If you pay any tax at all, you got tax relief.",1
7440,"So in other words, it's pretty divided during the 1990s as well.",1
25140,"And it's going to take all the nations together, just as when we banded together we pretty much resolved the whole problem of skyjackings sometime ago.",1
18189,"Let me just quickly say, at the current pace, the president will not secure the loose material in the Soviet Union -- former Soviet Union for 13 years.",0
26250,Maybe we can work that out.,0
12527,"In the past seven years, in President Eisenhower's Administration, this situation has been reversed.",1
27105,"But when it came time to making sure that Gadhafi did not stay in power, that he was captured, Governor, your suggestion was that this was mission creep, that this was mission muddle.",1
29497,"And the only thing that looks good is the stock market, but if you raise interest rates even a little bit, that's going to come crashing down.",1
26668,"There are 357, 000 good jobs -- manufacturing jobs, which are lost.",1
5724,I support charter schools and pay for performance for teachers.,1
6508,We're using every asset at our disposal to get Osama bin Laden.,0
438,It was the only one in the nation that furloughed murderers who had not served enough time to be eligible for parole.,1
21939,I'm not sure I get -- help me with the question and I'll try to answer it.,0
3230,"This is an - a typical example, maybe of many others, where this administration overthrew an elected government and helped to establish a military dictatorship.",1
12124,So I want to proceed carefully to cover more people.,0
11827,"But I do think we need to find out where racial profiling occurs and do something about it and say to the local folks, get it done.",0
20215,"If we make the right choices, we can have a prosperity that endures and enriches all of our people.",0
8731,When you stop and think that we are only drilling on 2%.,1
881,And I'm very very proud of that choice.,0
440,No other state programs do that.,1
29740,"It went before a judge, who was a very against-police judge.",1
29430,"Well, I'm really calling for major jobs, because the wealthy are going create tremendous jobs.",0
20996,"But it started for me in the last eight years when I had the honor of casting the tie-breaking vote to end the old economic plan here at home and put into place a new economic plan that has helped us to make some progress, 22 million new jobs, the greatest prosperity ever.",1
18912,And we're going to get the job of containing all of that nuclear material in Russia done in four years.,0
30369,You asked me a question.,0
5981,"I think that in ten years, we can reduce our dependence so that we no longer have to import oil from the Middle East or Venezuela.",0
18971,"Well, let me just say quickly that I've had an extraordinary experience of watching up close and personal that transition in Russia, because I was there right after the transformation.",0
28048,"It is actually a disagreement between us, a national law that is pending on this, the Dingle-Norwood bill, a bipartisan bill, is one that I support and that the governor does not.",1
17092,"Already, we have a recovery that has been going on for about 21 months to the point that we can now call it an expansion.",1
18140,But it's getting worse by the day.,0
8002,"Unless there was a severe recession - and after all the worst unbalanced budget in history was in 1958, twelve billion dollars - larger than in any Administration in the history of the United States.",1
23642,These are reasonable ways to help promote a culture of life in America.,0
24962,"You've been all over the country repeating something that, I will admit, the press has also been repeating -- that I believed that nuclear missiles could be fired and then called back.",1
23856,"You know, my wife, Hillary, gave me a book about a year ago in which the author defined insanity as just doing the same old thing over and over again and expecting a different result.",0
25751,So there's a great deal of cynicism out there.,0
25511,They have been our friend since their inception as a nation.,1
28565,"Well, it was not one of my ads, either, Governor.",0
12890,"And yet let's just see what we've done for Poland, A half a billion dollars worth of aid has gone to Poland, primarily economic, primarily to go to the people of Poland.",1
16922,"And I don't think it's uh - the Congress is Mr. Ford's opponent; but if uh - if - if he insists that uh - that I be responsible for the Democratic Congress, of which I'm - have not been a part, then I think it's only fair that he be responsible for the Nixon administration in its entirety, of which he was a part.",0
7617,"And I said that I felt that rather than tell the lie which we told, rather than indicate that the flights would continue - in fact, I believe Mr. Nixon himself said on May fifteenth that the flights would continue even though Mr. Herter testified before the Senate Foreign Relations Committee that they had been canceled as of May twelfth - that it would have been far better that if we had expressed regrets, if that would have saved the summit, and if the summit is useful - and I believe it is.",1
23292,"You see, he's proposed $2.2 trillion of new spending.",1
32930,"But it's in part because those of us who have had the great privilege of seeing this job up close and know how difficult it is, and it's not just because I watched my husband take a $300 billion deficit and turn it into a $200 billion surplus, and 23 million new jobs were created, and incomes went up for everybody.",1
20452,Do we remove dams that produce hydroelectric energy?,0
27102,"When we went in to Libya, and we were able to immediately stop the massacre there, because of the unique circumstances and the coalition that we had helped to organize.",1
2341,You say we were giving mortgages to people who weren't qualified.,0
8782,public reports not long ago about ships that could not leave American ports because of a lack of crews.,1
24840,The Cold War is over.,1
10638,I have fought to reduce the earmarks and eliminate them.,1
22945,Ninety percent of the costs are coming out of your pockets.,1
32499,But she is raising everybody's taxes massively.,1
20006,Those plans are better than this $550 billion tax scheme.,0
2490,That's explicitly prohibited in the law.,1
33216,"Well, I was upset because, unfortunately, dozens of toddlers injure themselves, even kill people with guns, because, unfortunately, not everyone who has loaded guns in their homes takes appropriate precautions.",1
34202,"No, you are the one that's unfit.",0
15518,"He founded authored, the job training partnership act.",1
1770,I'm going to make sure we can continue to burn clean coal.,0
28397,"If you're a single mother making $22,000 a year today and you're trying to raise two children, for every additional dollar you earn you pay a higher marginal rate on that dollar than someone making $200,000, and that's not right.",1
15223,We imported today 2 million barrels of oil less than we did the same date just a year ago.,1
27272,And the way you define small businesses includes folks at the very top.,0
22676,"He didn't have weapons of mass destruction, Mr. President.",1
18903,You have to put the money into it and the funding and the leadership.,0
1447,"Now we've had this pause, but most economists, regardless of their political philosophy, uh - indicate that this pause for a month or two was healthy, because we could not have honestly sustained a 9.2 percent rate of growth which we had in the first quarter of this year.",1
19523,"The proliferation of weapons of mass destruction, organized crime, and we have worked hard to expand America's economic presence around the world with the biggest increase in trade with the largest new number of trade agreements in history And that's one of the reasons America is number one in auto production again.",1
16555,We gave them ample time.,0
27288,"That is not good for America's position in the world, and the world notices.",0
30339,"But I will tell you that Hillary will tell you to go to her website and read all about how to defeat ISIS, which she could have defeated by never having it, you know, get going in the first place.",0
6043,"And the last president of the United States that tried that was Herbert Hoover, and we went from a deep recession into a depression.",1
33809,And what happened is now ISIS is in 32 countries.,1
9679,"I don't think so, Candy.",0
27438,"And for them to be able to provide nuclear technology to non-state actors, that's unacceptable.",0
21264,There is a woman named Winifred Skinner here tonight from Iowa.,0
16389,"So let me repeat, I do have respect for my opponent, for his family, for the justifiable pride he takes in his heritage.",0
19450,Not if I didn't have a better idea.,0
34155,"Well, you know, once again, Donald is implying that he didn't support the invasion of Iraq.",1
1843,"Now, Governor Romney and I do share a deep interest in encouraging small-business growth.",0
16397,I want to help those with disabilities fit into the mainstream.,0
2926,After the United States took the initiative in working with Israel and with Egypt and achieving the Sinai II agreement - and I'm proud to say that not a single Egyptian or Israeli soldier has lost his life since the signing of the Sinai agreement.,1
16833,"The average working person can't - uh - can't take advantage of that, but the - the wealthier people - uh can.",0
13821,"Capital gains, investment tax allowance, credit for first- time homebuyers.",0
29457,"Now, let me say this, it is absolutely the case...",0
2162,"Now, he says by not overpaying hospitals and providers.",1
15727,We are not going to spend the billions and trillions that Mr. Bush wants to spend on Star Wars.,0
16398,There is much to be done.,0
11770,The governor mentioned it earlier.,0
15574,He's broken it three times in the past year already.,1
32795,"Because NAFTA, signed by her husband, is perhaps the greatest disaster trade deal in the history of the world.",1
22411,I feel strongly about it because I don't want it to come out of my time.,0
32477,We're getting rid of carried interest provisions.,1
11951,I'm not sure what kind of view he's describing to me.,0
12205,He believes only the right people ought to get tax relief.,1
29200,"When they sell in -- automatic, 16 percent, approximately.",1
7876,Less than two hundred for all the countries of Africa and they need trained leadership more than anything.,1
1302,"And that's where there's been a great uh generation of despair, and ill health, and the lack of education, lack of purposefulness, and the lack of hope for the future.",0
19755,There are extremists in all parts of the Middle East who want to kill that peace process.,1
2399,They have to let you keep your kid on their insurance -- your insurance plan until you're 26 years old.,1
29495,"Now, look, we have the worst revival of an economy since the Great Depression.",1
6789,"There's a great passage of the Bible that says, ""What does it mean, my brother, to say you have faith if there are no deeds?",0
13285,He's extending the Administration's commitment.,1
11221,"Ukraine, right now, is in the sights of Vladimir Putin, those that want to reassemble the old Soviet Union.",0
27421,It is our greatest ally in the region.,0
33491,I am not quoting myself.,0
8206,We find that your wages have gone up five times as much in the Eisenhower Administration as they did in the Truman Administration.,1
26825,"And I'll just make you one promise, my word is good.",0
19173,"Well, he's better off than he was four years ago.",1
27153,They want to make sure that they have a roof over their heads and that they have the prospects of a better life in the future.,0
15030,"We have gone a long way toward correcting these problems, but we still have a long way to go.",0
8593,The other point that I would make is this: this downgrading of how much things cost I think many of our people will understand better when they look at what happened when - during the Truman Administration when the government was spending more than it took in - we found savings over a lifetime eaten up by inflation.,1
16966,It doesn't seem to me that it's needed or necessary to have legislation in this particular regard.,0
15237,The mines are closed down; there are 22000 miners out of work.,1
22075,"Let me say first of all, I want to answer your specific question but first of all, we all agree that there should be a growing economy.",0
17763,And give us a plan.,0
9910,Part of the Arizona law said that law enforcement officers could stop folks because they suspected maybe they looked like they might be undocumented workers and check their papers.,1
28983,"One of my promises is going to be Social Security reform, and you bet, we need to take a trillion dollars out of that $2.4 trillion surplus.",1
21120,It's time to have a leader that doesn't put off tomorrow what we should do today.,0
28864,"Now, the tax relief that I propose is directed specifically at middle-income individuals and families.",1
